order_id,products
1001,"[15200, 14677, 13741]"
1002,"[15200, 13784, 12778, 13775, 14685]"
1003,"[15200, 13756, 14685, 13787]"
1004,"[15200, 13941, 13787, 14682]"
1005,"[15196, 14659, 13798, 12703, 12778]"
1006,"[15196, 14666, 12638]"
1007,"[15196, 13753, 13784, 14682, 12778]"
1008,"[15196, 13960, 14669, 12778]"
1009,"[15189, 13644, 6361, 3891]"
1010,"[15189, 13654, 4637]"
1011,"[15189, 3920, 14367]"
1012,"[15189, 13628, 3915, 14352]"
1013,"[15128, 12873, 4637]"
1014,"[15128, 12952, 4758, 14402]"
1015,"[15128, 3247, 14405, 3916]"
1016,"[15128, 3916, 13625]"
1017,"[15100, 13596, 3923, 14392]"
1018,"[15100, 13672, 14367, 3921]"
1019,"[15100, 3924, 14392, 12882]"
1020,"[15100, 14367, 12894, 3924]"
1021,"[15096, 13660, 3920, 14367]"
1022,"[15096, 13847, 14396]"
1023,"[15096, 13672, 14384]"
1024,"[15096, 14844, 3922, 14396]"
1025,"[15092, 13638, 14384, 3920]"
1026,"[15092, 14852, 4636, 14375]"
1027,"[15092, 3595, 3923, 14381]"
1028,"[15092, 14318, 13631, 3891]"
1029,"[15085, 12862, 3388]"
1030,"[15085, 3386, 12870]"
1031,"[15085, 3386, 12870]"
1032,"[15085, 12862, 3386]"
1033,"[15081, 12891, 3359]"
1034,"[15081, 12910, 3375]"
1035,"[15081, 12885, 3372]"
1036,"[15081, 12937, 3359]"
1037,"[15076, 12876, 3376]"
1038,"[15076, 12934, 12750]"
1039,"[15076, 12904, 3388]"
1040,"[15076, 12876, 12745]"
1041,"[15070, 14392, 13834]"
1042,"[15070, 10288, 14412, 3915]"
1043,"[15070, 5046, 8114, 3920]"
1044,"[15070, 13654, 3915, 14355]"
1045,"[15066, 4758, 14326]"
1046,"[15066, 4758, 11529, 14326]"
1047,"[15066, 4758, 11529, 14326]"
1048,"[15066, 4758, 14326, 3243]"
1049,"[15062, 14311, 10202, 3924]"
1050,"[15062, 14355, 13618, 3920]"
1051,"[15062, 14408, 14820, 4637]"
1052,"[15062, 11530, 14384, 3924]"
1053,"[15055, 10195, 14346]"
1054,"[15055, 10195, 14346]"
1055,"[15055, 14346, 10195]"
1056,"[15055, 6631, 14346]"
1057,"[15036, 14844, 4636, 14375]"
1058,"[15036, 13647, 14318, 3920]"
1059,"[15036, 14396, 14852, 3917]"
1060,"[15036, 3916, 14846, 5046]"
1061,"[15016, 11530, 14370]"
1062,"[15016, 13596, 14370, 3917]"
1063,"[15016, 13625, 14399, 3924]"
1064,"[15016, 13675, 4637]"
1065,"[15010, 12897, 14375, 3891]"
1066,"[15010, 14384, 3924, 13660]"
1067,"[15010, 13675, 14318, 3891]"
1068,"[15010, 14835, 5498]"
1069,"[15006, 3924, 14412]"
1070,"[15006, 3597, 14399]"
1071,"[15006, 13823, 7715]"
1072,"[15006, 10205, 4637, 14370]"
1073,"[15001, 13792, 3925, 14352]"
1074,"[15001, 3916, 13620, 14408]"
1075,"[15001, 13647, 14396]"
1076,"[15001, 13622, 4637]"
1077,"[14991, 12870, 3386]"
1078,"[14991, 3376, 12934]"
1079,"[14991, 12934, 3386]"
1080,"[14991, 12862, 12745]"
1081,"[14986, 10195, 14346]"
1082,"[14986, 3245, 14346]"
1083,"[14986, 12932, 14346]"
1084,"[14986, 3247, 14346]"
1085,"[14978, 12700, 14677, 13787, 12778]"
1086,"[14978, 13970, 14666, 13891]"
1087,"[14978, 14259, 14677, 13784]"
1088,"[14978, 14662, 13790]"
1089,"[14933, 12882, 4636]"
1090,"[14933, 13837, 3923, 14318]"
1091,"[14933, 13672, 14412, 3925]"
1092,"[14933, 13672, 14396, 3920]"
1093,"[14913, 13620, 7715]"
1094,"[14913, 12882, 14367, 7715]"
1095,"[14913, 14375, 3921, 13837]"
1096,"[14913, 13599, 14396, 3920]"
1097,"[14909, 14349, 10294, 3891]"
1098,"[14909, 3917, 13612, 14311]"
1099,"[14909, 14839, 14375]"
1100,"[14909, 13622, 14367, 3916]"
1101,"[14896, 3386, 12904]"
1102,"[14896, 12750, 12904]"
1103,"[14896, 12870, 3388]"
1104,"[14896, 3388, 12862]"
1105,"[14876, 11521, 14346]"
1106,"[14876, 14826, 14346]"
1107,"[14876, 3245, 14346]"
1108,"[14876, 10291, 14346]"
1109,"[14852, 12998, 14375, 5498]"
1110,"[14852, 14412, 11436, 3917]"
1111,"[14852, 12464, 5051, 3921]"
1112,"[14852, 5600, 3917, 6361]"
1113,"[14846, 3915, 11376]"
1114,"[14846, 3873, 5050, 7715]"
1115,"[14846, 12993, 14367, 3915]"
1116,"[14846, 14408, 3857, 3917]"
1117,"[14844, 3488, 3924, 14387]"
1118,"[14844, 9175, 14381, 7715]"
1119,"[14844, 13032, 14370, 3891]"
1120,"[14844, 10665, 3920, 14328]"
1121,"[14839, 14762, 14349, 3914]"
1122,"[14839, 13330, 14311]"
1123,"[14839, 3925, 3494, 14381]"
1124,"[14839, 11651, 3921, 14328]"
1125,"[14835, 13423, 4636, 6361]"
1126,"[14835, 15062, 7715, 14381]"
1127,"[14835, 13156, 4637, 14387]"
1128,"[14835, 11612, 14387, 4636]"
1129,"[14830, 11199, 3920, 5046]"
1130,"[14830, 10099, 3925, 5051]"
1131,"[14830, 10681, 3925, 14405]"
1132,"[14830, 15036, 14392]"
1133,"[14826, 5984, 14346]"
1134,"[14826, 11613, 14346]"
1135,"[14826, 5985, 14346]"
1136,"[14826, 12497, 14346]"
1137,"[14823, 10665, 5498, 14381]"
1138,"[14823, 13300, 3920]"
1139,"[14823, 3857, 14367]"
1140,"[14823, 3508, 5498, 6361]"
1141,"[14820, 14315, 14814]"
1142,"[14820, 13184, 14387, 3924]"
1143,"[14820, 3421, 3922, 14387]"
1144,"[14820, 14083, 3914, 14355]"
1145,"[14814, 3914, 3265, 14405]"
1146,"[14814, 14823, 3921]"
1147,"[14814, 14367, 3607]"
1148,"[14814, 14384, 13792, 7715]"
1149,"[14803, 7715, 7407, 14392]"
1150,"[14803, 13638, 14375, 3916]"
1151,"[14803, 12907, 3891, 14375]"
1152,"[14803, 10298, 3921, 14399]"
1153,"[14777, 5493, 12745]"
1154,"[14777, 12904, 3376]"
1155,"[14777, 12904, 12745]"
1156,"[14777, 3376, 5493]"
1157,"[14773, 12867, 3375]"
1158,"[14773, 3372, 12940]"
1159,"[14773, 12867, 3372]"
1160,"[14773, 12937, 3375]"
1161,"[14769, 13663, 5050, 3917]"
1162,"[14769, 13638, 14355, 4637]"
1163,"[14769, 14830, 5046, 5498]"
1164,"[14769, 10208, 14315, 7715]"
1165,"[14762, 13672, 14412, 4637]"
1166,"[14762, 3607, 14412]"
1167,"[14762, 14412, 3917]"
1168,"[14762, 13834, 14328]"
1169,"[14756, 13641, 14311, 3917]"
1170,"[14756, 12930, 5046, 5498]"
1171,"[14756, 13596, 6361]"
1172,"[14756, 14378, 14399, 3923]"
1173,"[14750, 3920, 13669]"
1174,"[14750, 10294, 14370, 3915]"
1175,"[14750, 14823, 3891, 14405]"
1176,"[14750, 14405, 13625, 5498]"
1177,"[14746, 3915, 13672, 14405]"
1178,"[14746, 3922, 13675, 5046]"
1179,"[14746, 10298, 14384, 5498]"
1180,"[14746, 11530, 5046, 3915]"
1181,"[14708, 3915, 14823]"
1182,"[14708, 13675, 5498, 14402]"
1183,"[14708, 12897, 5498, 14352]"
1184,"[14708, 3916, 5046, 12894]"
1185,"[14699, 3917, 13660, 5046]"
1186,"[14699, 13644, 3914]"
1187,"[14699, 3597, 5050, 3915]"
1188,"[14699, 13644, 14384]"
1189,"[14685, 13963, 13866, 13765, 12778]"
1190,"[14685, 13825, 13787, 12797, 12778]"
1191,"[14685, 12666, 12843, 13888, 12778]"
1192,"[14685, 14053, 13957]"
1193,"[14682, 13935, 12793, 13784, 12778]"
1194,"[14682, 13875, 12678]"
1195,"[14682, 14053, 13768, 13891, 12778]"
1196,"[14682, 13853, 12651, 13787, 12778]"
1197,"[14677, 12697, 13895, 13784, 12778]"
1198,"[14677, 14259, 14647]"
1199,"[14677, 12829, 12657, 12778, 13765]"
1200,"[14677, 12634, 12793, 13891, 12778]"
1201,"[14669, 13765, 13895]"
1202,"[14669, 13778, 14635, 13798, 12778]"
1203,"[14669, 12802, 12672, 13787, 12778]"
1204,"[14669, 3574, 13920, 13787, 12778]"
1205,"[14666, 13802, 12802, 13784, 12778]"
1206,"[14666, 12856, 12666, 13798, 12778]"
1207,"[14666, 13941, 13798, 14641, 12778]"
1208,"[14666, 13731, 13787, 12820, 12778]"
1209,"[14662, 12681, 14652, 13798, 12778]"
1210,"[14662, 12802, 13951]"
1211,"[14662, 13871, 13954, 13888, 12778]"
1212,"[14662, 12681, 12778, 13787]"
1213,"[14659, 12797, 13910, 13891, 12778]"
1214,"[14659, 12843, 13970, 12778, 13784]"
1215,"[14659, 13795, 3574, 13784]"
1216,"[14659, 15196, 14256, 12778, 13784]"
1217,"[14652, 13781, 14669, 13784, 12778]"
1218,"[14652, 13891, 13735, 14685, 12778]"
1219,"[14652, 14259, 13798, 14685]"
1220,"[14652, 14666, 13781, 13888, 12778]"
1221,"[14647, 12703, 13765, 12778, 14662]"
1222,"[14647, 13795, 14666]"
1223,"[14647, 13947, 13891, 14669, 12778]"
1224,"[14647, 13974, 14669, 12778, 13784]"
1225,"[14641, 13798, 13960, 12778, 14662]"
1226,"[14641, 13900, 13765, 14682]"
1227,"[14641, 13951, 13787, 14659, 12778]"
1228,"[14641, 14677, 14070]"
1229,"[14635, 12634, 14677]"
1230,"[14635, 14659, 14070, 13765, 12778]"
1231,"[14635, 12700, 14662, 13784, 12778]"
1232,"[14635, 13784, 12651, 12778, 14666]"
1233,"[14631, 13753, 13787, 14659, 12778]"
1234,"[14631, 12778, 13781, 13784, 14666]"
1235,"[14631, 13778, 12778, 13798]"
1236,"[14631, 12697, 12778, 14659, 13787]"
1237,"[14625, 13954, 14677]"
1238,"[14625, 13790, 14659, 13891, 12778]"
1239,"[14625, 13951, 13784, 14666, 12778]"
1240,"[14625, 13935, 14669, 12778, 13888]"
1241,"[14608, 12930, 14318, 3916]"
1242,"[14608, 13837, 14405, 7715]"
1243,"[14608, 13592, 3920, 5051]"
1244,"[14608, 14370, 13625]"
1245,"[14602, 13834, 14396, 4637]"
1246,"[14602, 12882, 6361, 3921]"
1247,"[14602, 13596, 14375]"
1248,"[14602, 14367, 3279, 3915]"
1249,"[14599, 3777, 12867]"
1250,"[14599, 3373, 12867]"
1251,"[14599, 3359, 13717]"
1252,"[14599, 12940, 3372]"
1253,"[14595, 12932, 14326, 7715]"
1254,"[14595, 14852, 14333, 4636]"
1255,"[14595, 14318, 3265, 3922]"
1256,"[14595, 10297, 14381, 3917]"
1257,"[14592, 14346, 6631]"
1258,"[14592, 14826, 14346]"
1259,"[14592, 3268, 14346]"
1260,"[14592, 3268, 14346]"
1261,"[14589, 12862, 12750]"
1262,"[14589, 12904, 3388]"
1263,"[14589, 5493, 3376]"
1264,"[14589, 12745, 12934]"
1265,"[14586, 12885, 3373]"
1266,"[14586, 3359, 12937]"
1267,"[14586, 3375, 12885]"
1268,"[14586, 3375, 12940]"
1269,"[14545, 13622, 3891, 5050]"
1270,"[14545, 13596, 3923]"
1271,"[14545, 13628, 14328, 3914]"
1272,"[14545, 14823, 14346, 5498]"
1273,"[14542, 10202, 14412, 3924]"
1274,"[14542, 14823, 7715, 14370]"
1275,"[14542, 13612, 14370]"
1276,"[14542, 8114, 14370, 3925]"
1277,"[14484, 3376, 12904]"
1278,"[14484, 5493, 3386]"
1279,"[14484, 12904, 3376]"
1280,"[14484, 3388, 12879]"
1281,"[14480, 13612, 14321, 3925]"
1282,"[14480, 3921, 14844]"
1283,"[14480, 14408, 10205]"
1284,"[14480, 13672, 14321, 3925]"
1285,"[14477, 14846, 14311, 7715]"
1286,"[14477, 13847, 14405, 4761]"
1287,"[14477, 14367, 13669, 4758]"
1288,"[14477, 3604, 3921]"
1289,"[14473, 10208, 5498, 14396]"
1290,"[14473, 14396, 13612, 4636]"
1291,"[14473, 14315, 3595, 3917]"
1292,"[14473, 4637, 13599, 14315]"
1293,"[14470, 13717, 3375]"
1294,"[14470, 3777, 12867]"
1295,"[14470, 3372, 12885]"
1296,"[14470, 12940, 3375]"
1297,"[14464, 12870, 3376]"
1298,"[14464, 12750, 12904]"
1299,"[14464, 12750, 12862]"
1300,"[14464, 12745, 5493]"
1301,"[14460, 14402, 10288]"
1302,"[14460, 5051, 14378, 3915]"
1303,"[14460, 13625, 3914]"
1304,"[14460, 12894, 14367]"
1305,"[14457, 12940, 3359]"
1306,"[14457, 3375, 12867]"
1307,"[14457, 12867, 3373]"
1308,"[14457, 12940, 3372]"
1309,"[14453, 13628, 5050, 3917]"
1310,"[14453, 3597, 14333, 3917]"
1311,"[14453, 14367, 12873, 3921]"
1312,"[14453, 3891, 14396, 10288]"
1313,"[14412, 3483, 14823, 4636]"
1314,"[14412, 11650, 13592]"
1315,"[14412, 3873, 3922]"
1316,"[14412, 14246, 14823, 7715]"
1317,"[14408, 14830, 13541, 4637]"
1318,"[14408, 12978, 13596, 3914]"
1319,"[14408, 14243, 10202, 3917]"
1320,"[14408, 13663, 5990, 3916]"
1321,"[14405, 14104, 10208]"
1322,"[14405, 13596, 15036]"
1323,"[14405, 4637, 15070, 14844]"
1324,"[14405, 4361, 5498, 13622]"
1325,"[14402, 13184, 13596, 3925]"
1326,"[14402, 11612, 13628, 3920]"
1327,"[14402, 14746, 3915, 14846]"
1328,"[14402, 3421, 12930, 3921]"
1329,"[14399, 3604, 14608, 3917]"
1330,"[14399, 3213, 13641, 3915]"
1331,"[14399, 13847, 9157, 4636]"
1332,"[14399, 14933, 13631, 3917]"
1333,"[14396, 13300, 12952, 3923]"
1334,"[14396, 4637, 13582, 14852]"
1335,"[14396, 3213, 13654, 3914]"
1336,"[14396, 9157, 14852, 3923]"
1337,"[14392, 3500, 13847, 3924]"
1338,"[14392, 14138, 11530, 3923]"
1339,"[14392, 14138, 10298, 3917]"
1340,"[14392, 7407, 15092]"
1341,"[14387, 3604, 14083, 3920]"
1342,"[14387, 12873, 3483, 3924]"
1343,"[14387, 15096, 12930, 4637]"
1344,"[14387, 3508, 13792, 5498]"
1345,"[14384, 6365, 10202, 3925]"
1346,"[14384, 14820, 13174, 4636]"
1347,"[14384, 13675, 4504, 3924]"
1348,"[14384, 3924, 12483, 10208]"
1349,"[14381, 3506, 13660, 4637]"
1350,"[14381, 13622, 9175, 3917]"
1351,"[14381, 13792, 11651, 3921]"
1352,"[14381, 14699, 13618, 3923]"
1353,"[14378, 3891, 4986, 14375]"
1354,"[14378, 14473, 5046, 3914]"
1355,"[14378, 12483, 14412, 3925]"
1356,"[14378, 5050, 11643, 7715]"
1357,"[14375, 3916, 12882, 11376]"
1358,"[14375, 3924, 13050, 10288]"
1359,"[14375, 14269, 3925, 10298]"
1360,"[14375, 14206, 12873, 3924]"
1361,"[14370, 12483, 14835, 3922]"
1362,"[14370, 14846, 4600, 3922]"
1363,"[14370, 13620, 11651, 3916]"
1364,"[14370, 12504, 13628, 3915]"
1365,"[14367, 11386, 13612, 3925]"
1366,"[14367, 10297, 3891]"
1367,"[14367, 3421, 14846, 3925]"
1368,"[14367, 13300, 13792]"
1369,"[14355, 10298, 14933, 3920]"
1370,"[14355, 4599, 14378, 7715]"
1371,"[14355, 13184, 10298, 3921]"
1372,"[14355, 3597, 9700, 3917]"
1373,"[14352, 12993, 14830, 4636]"
1374,"[14352, 14138, 12930, 3917]"
1375,"[14352, 13592, 14104, 3922]"
1376,"[14352, 11435, 3915]"
1377,"[14349, 13834, 14184, 5498]"
1378,"[14349, 6358, 13625, 5498]"
1379,"[14349, 13669, 12504, 3923]"
1380,"[14349, 14909, 13625, 3923]"
1381,"[14346, 11624, 12925]"
1382,"[14346, 6399, 3245]"
1383,"[14346, 11522, 3247]"
1384,"[14346, 3419, 10291]"
1385,"[14333, 4761, 12521, 11526]"
1386,"[14333, 11526, 4505]"
1387,"[14333, 3513, 11526, 4761]"
1388,"[14333, 6354, 11526]"
1389,"[14328, 12555, 10208, 3921]"
1390,"[14328, 11386, 13654]"
1391,"[14328, 3857, 8114, 3922]"
1392,"[14328, 12464, 13638, 3924]"
1393,"[14326, 11529, 3531, 4758]"
1394,"[14326, 3243, 15066, 4758]"
1395,"[14326, 11529, 4758]"
1396,"[14326, 3529, 4758, 11529]"
1397,"[14321, 7715, 15070, 3595]"
1398,"[14321, 5997, 3916, 7407]"
1399,"[14321, 13243, 12897, 3923]"
1400,"[14321, 11650, 12882, 5498]"
1401,"[14318, 13847, 9175, 3914]"
1402,"[14318, 3418, 13666, 5498]"
1403,"[14318, 7715, 14206, 13654]"
1404,"[14318, 3506, 13644]"
1405,"[14315, 3923, 14104, 14846]"
1406,"[14315, 10294, 6358, 5498]"
1407,"[14315, 13663, 5990, 3891]"
1408,"[14315, 4599, 3597, 3922]"
1409,"[14311, 14844, 14222, 3921]"
1410,"[14311, 14378, 3925, 14756]"
1411,"[14311, 13592, 13330, 7715]"
1412,"[14311, 13240, 12882, 5498]"
1413,"[14284, 12897, 3914, 14367]"
1414,"[14284, 3595, 3923]"
1415,"[14284, 14852, 14352, 3917]"
1416,"[14284, 12901, 3891]"
1417,"[14269, 14399, 14844, 4637]"
1418,"[14269, 14311, 11530, 3925]"
1419,"[14269, 7715, 12882, 14399]"
1420,"[14269, 14318, 12882, 3917]"
1421,"[14259, 15200, 13888]"
1422,"[14259, 12847, 12778, 14682, 13891]"
1423,"[14259, 13891, 14053, 14677, 12778]"
1424,"[14259, 14625, 14659, 12778, 13765]"
1425,"[14256, 12787, 13891]"
1426,"[14256, 14677, 15196, 12778, 13888]"
1427,"[14256, 12823, 14659, 13784, 12778]"
1428,"[14256, 14625, 13888, 14666]"
1429,"[14246, 10294, 14328]"
1430,"[14246, 3922, 13596, 14321]"
1431,"[14246, 12907, 5050, 3916]"
1432,"[14246, 3921, 13792, 14405]"
1433,"[14243, 13625, 3924, 14311]"
1434,"[14243, 13647, 14349, 4637]"
1435,"[14243, 13654, 14328, 4637]"
1436,"[14243, 5498, 14830, 5050]"
1437,"[14239, 3247, 7715, 14402]"
1438,"[14239, 13638, 14381, 4637]"
1439,"[14239, 14846, 14384, 3891]"
1440,"[14239, 12932, 5046, 4761]"
1441,"[14235, 12862, 3386]"
1442,"[14235, 12745, 12904]"
1443,"[14235, 5493, 12745]"
1444,"[14235, 12862, 12750]"
1445,"[14231, 12910, 3372]"
1446,"[14231, 12910, 3375]"
1447,"[14231, 12937, 3375]"
1448,"[14231, 12937, 3373]"
1449,"[14222, 10294, 3916, 14402]"
1450,"[14222, 10294, 3922, 14387]"
1451,"[14222, 3922, 12894, 14402]"
1452,"[14222, 10208, 3914, 14367]"
1453,"[14218, 14826, 14408, 3923]"
1454,"[14218, 10195, 3924]"
1455,"[14218, 6394, 14381, 3921]"
1456,"[14218, 13666, 5046, 3917]"
1457,"[14214, 13717, 3372]"
1458,"[14214, 12885, 3373]"
1459,"[14214, 3373, 12867]"
1460,"[14214, 3373, 13717]"
1461,"[14206, 10202, 6361, 3920]"
1462,"[14206, 7715, 14846, 14399]"
1463,"[14206, 3597, 14321, 3920]"
1464,"[14206, 7407, 14392, 3922]"
1465,"[14201, 3386, 12870]"
1466,"[14201, 3388, 12879]"
1467,"[14201, 12876, 3388]"
1468,"[14201, 12745, 12904]"
1469,"[14197, 12910, 3373]"
1470,"[14197, 12937, 3372]"
1471,"[14197, 12910, 3373]"
1472,"[14197, 3372, 12885]"
1473,"[14192, 12867, 3777]"
1474,"[14192, 3777, 12937]"
1475,"[14192, 12910, 3359]"
1476,"[14192, 3375, 12910]"
1477,"[14188, 12894, 3925, 14321]"
1478,"[14188, 10206, 4637, 14318]"
1479,"[14188, 13638, 5046, 3924]"
1480,"[14188, 13644, 14381, 3924]"
1481,"[14184, 10288, 14399, 3916]"
1482,"[14184, 13625, 14384, 3924]"
1483,"[14184, 6361, 3595, 3920]"
1484,"[14184, 14835, 14311, 3891]"
1485,"[14179, 12873, 3916, 5050]"
1486,"[14179, 14392, 4637, 10205]"
1487,"[14179, 10206, 7715]"
1488,"[14179, 3924, 13622, 14315]"
1489,"[14164, 13380, 12922]"
1490,"[14164, 13380, 12922]"
1491,"[14164, 12922, 13379]"
1492,"[14164, 12922, 13379]"
1493,"[14138, 4636, 14328]"
1494,"[14138, 14839, 14392, 3917]"
1495,"[14138, 3916, 7407, 5050]"
1496,"[14138, 10298, 7715, 14367]"
1497,"[14134, 14846, 3923, 14412]"
1498,"[14134, 14830, 14355, 3891]"
1499,"[14134, 13638, 14367, 3916]"
1500,"[14134, 13599, 14315, 3922]"
1501,"[14130, 13631, 14387, 3922]"
1502,"[14130, 14835, 5498, 14408]"
1503,"[14130, 13672, 14321, 3925]"
1504,"[14130, 13847, 14321, 3923]"
1505,"[14104, 3917, 3607, 14405]"
1506,"[14104, 13638, 4637, 5046]"
1507,"[14104, 10294, 14349, 3922]"
1508,"[14104, 3924, 14352, 13622]"
1509,"[14099, 12937, 3359]"
1510,"[14099, 12885, 3777]"
1511,"[14099, 3359, 12940]"
1512,"[14099, 12910, 3372]"
1513,"[14093, 3386, 12879]"
1514,"[14093, 12745, 12862]"
1515,"[14093, 5493, 12750]"
1516,"[14093, 3386, 12879]"
1517,"[14087, 3359, 13717]"
1518,"[14087, 3359, 12885]"
1519,"[14087, 3359, 12937]"
1520,"[14087, 3372, 12867]"
1521,"[14083, 14328, 12930]"
1522,"[14083, 12952, 5498, 14349]"
1523,"[14083, 14321, 13622, 3922]"
1524,"[14083, 8114, 3916, 14328]"
1525,"[14078, 3359, 12937]"
1526,"[14078, 12937, 3777]"
1527,"[14078, 12940, 3375]"
1528,"[14078, 12891, 3372]"
1529,"[14070, 13891, 13875]"
1530,"[14070, 14662, 14625, 13798, 12778]"
1531,"[14070, 12847, 14685, 13787, 12778]"
1532,"[14070, 14659, 14635, 13888]"
1533,"[14053, 12678, 14685, 12778, 13798]"
1534,"[14053, 13778, 12778, 13787]"
1535,"[14053, 13941, 14677, 13888]"
1536,"[14053, 13781, 13888, 14666, 12778]"
1537,"[14048, 13802, 13798, 14659, 12778]"
1538,"[14048, 12634, 14662, 13888, 12778]"
1539,"[14048, 13802, 13798, 12778, 14662]"
1540,"[14048, 13963, 13891, 14659]"
1541,"[14043, 13951, 13784, 14669]"
1542,"[14043, 12634, 14662, 13798, 12778]"
1543,"[14043, 14259, 13798, 14659, 12778]"
1544,"[14043, 12651, 14682, 12778, 13888]"
1545,"[14039, 13775, 13784, 14669]"
1546,"[14039, 13954, 13798, 14662, 12778]"
1547,"[14039, 12687, 14666, 13891, 12778]"
1548,"[14039, 12700, 14682, 13784]"
1549,"[14034, 14669, 12672, 13784, 12778]"
1550,"[14034, 14677, 13944, 13888, 12778]"
1551,"[14034, 13891, 14662, 13920]"
1552,"[14034, 13790, 13798, 14666, 12778]"
1553,"[14029, 3373, 12910]"
1554,"[14029, 12885, 3373]"
1555,"[14029, 3359, 12867]"
1556,"[14029, 12940, 3373]"
1557,"[14011, 13798, 13741, 14659, 12778]"
1558,"[14011, 14070, 14666, 13765, 12778]"
1559,"[14011, 14669, 14256, 13888, 12778]"
1560,"[14011, 12778, 12666, 13765, 14666]"
1561,"[13974, 13862, 13784, 14662]"
1562,"[13974, 14625, 12778, 14666]"
1563,"[13974, 13895, 14659, 13784, 12778]"
1564,"[13974, 13888, 12802, 12778, 14677]"
1565,"[13970, 13862, 14682, 13784]"
1566,"[13970, 12829, 13784, 14682, 12778]"
1567,"[13970, 12820, 14682]"
1568,"[13970, 14652, 14669, 13784, 12778]"
1569,"[13966, 15200, 14682, 13765, 12778]"
1570,"[13966, 12856, 14669, 13891, 12778]"
1571,"[13966, 14647, 12778]"
1572,"[13966, 14631, 14669, 13891, 12778]"
1573,"[13963, 14053, 13891, 14669, 12778]"
1574,"[13963, 14978, 13798, 12778, 14662]"
1575,"[13963, 13866, 13888, 14666, 12778]"
1576,"[13963, 14652, 12778]"
1577,"[13960, 13871, 14662, 13891, 12778]"
1578,"[13960, 12793, 13888]"
1579,"[13960, 12847, 14666, 13765]"
1580,"[13960, 14034, 13888, 14677]"
1581,"[13957, 14666, 12823, 13765, 12778]"
1582,"[13957, 13891, 14641, 14677, 12778]"
1583,"[13957, 12787, 14669, 13798, 12778]"
1584,"[13957, 14053, 14685, 13784, 12778]"
1585,"[13954, 12820, 13888, 14685, 12778]"
1586,"[13954, 14662, 12787, 13765, 12778]"
1587,"[13954, 13895, 13765, 14682, 12778]"
1588,"[13954, 13871, 13787, 14682, 12778]"
1589,"[13951, 14669, 13798, 12838, 12778]"
1590,"[13951, 13875, 14685]"
1591,"[13951, 13784, 12778, 12847, 14666]"
1592,"[13951, 12778, 12856]"
1593,"[13947, 14682, 12820, 13798, 12778]"
1594,"[13947, 14647, 12778, 14669]"
1595,"[13947, 14635, 13798, 14677, 12778]"
1596,"[13947, 13895, 12778, 13765, 14662]"
1597,"[13944, 13862, 14685, 13891, 12778]"
1598,"[13944, 12778, 14659, 12802]"
1599,"[13944, 13765, 14666, 15196]"
1600,"[13944, 13875, 14662, 12778, 13891]"
1601,"[13941, 14662, 13895, 13798, 12778]"
1602,"[13941, 12787, 13798, 12778]"
1603,"[13941, 14641, 14669, 13765, 12778]"
1604,"[13941, 12820, 13787, 14666, 12778]"
1605,"[13938, 13888, 12838, 14662, 12778]"
1606,"[13938, 14677, 13888, 14625, 12778]"
1607,"[13938, 12847, 14677, 13798, 12778]"
1608,"[13938, 14641, 13784, 12778, 14659]"
1609,"[13935, 15200, 14682, 13891, 12778]"
1610,"[13935, 12820, 14662, 13787, 12778]"
1611,"[13935, 12787, 14685, 13891]"
1612,"[13935, 12820, 13888, 14685, 12778]"
1613,"[13920, 14659, 14625, 13784, 12778]"
1614,"[13920, 14647, 14677, 13888, 12778]"
1615,"[13920, 14978, 12778, 14659, 13784]"
1616,"[13920, 14682, 12838, 13765, 12778]"
1617,"[13910, 13866, 14685, 13784, 12778]"
1618,"[13910, 12829, 14659, 13787, 12778]"
1619,"[13910, 13798, 14034, 14659, 12778]"
1620,"[13910, 14647, 14666, 13784]"
1621,"[13907, 14659, 14652, 13888, 12778]"
1622,"[13907, 14659, 14978, 13888, 12778]"
1623,"[13907, 13871, 14666]"
1624,"[13907, 13891, 13866, 14682]"
1625,"[13903, 14677, 13853, 13787, 12778]"
1626,"[13903, 13798, 14631]"
1627,"[13903, 12820, 13891, 14666]"
1628,"[13903, 13895, 13891, 14662]"
1629,"[13900, 13853, 13888, 14682, 12778]"
1630,"[13900, 12820, 14682, 13891]"
1631,"[13900, 14666, 13895, 13888]"
1632,"[13900, 13787, 13875, 14666, 12778]"
1633,"[13895, 13938, 13765, 14662, 12778]"
1634,"[13895, 14256, 14677]"
1635,"[13895, 13900, 13798]"
1636,"[13895, 13731, 14659, 12778, 13888]"
1637,"[13891, 12678, 12852, 14662, 12778]"
1638,"[13891, 14682, 13910]"
1639,"[13891, 12703, 12847, 14659, 12778]"
1640,"[13891, 14053, 13753, 14682, 12778]"
1641,"[13888, 13963, 14685, 14631]"
1642,"[13888, 13795, 13875, 14669, 12778]"
1643,"[13888, 14631, 13802, 14669, 12778]"
1644,"[13888, 14685, 12778, 14034, 13775]"
1645,"[13875, 13762, 13798, 12778]"
1646,"[13875, 12700, 13787, 14682, 12778]"
1647,"[13875, 13941, 14685, 13765]"
1648,"[13875, 12700, 14662, 13798, 12778]"
1649,"[13871, 13941, 13888, 14685, 12778]"
1650,"[13871, 12700, 13888, 14685, 12778]"
1651,"[13871, 13910, 13784]"
1652,"[13871, 13947, 13891]"
1653,"[13866, 13903, 13888, 14685, 12778]"
1654,"[13866, 13831, 13787]"
1655,"[13866, 13772, 13798]"
1656,"[13866, 13784, 13900, 14677, 12778]"
1657,"[13862, 13741, 13891, 14682, 12778]"
1658,"[13862, 13907, 13798, 14669, 12778]"
1659,"[13862, 13778, 14685]"
1660,"[13862, 12638, 13784, 14682]"
1661,"[13853, 13907, 13888, 14669, 12778]"
1662,"[13853, 13753, 14659]"
1663,"[13853, 12634, 13891, 14685, 12778]"
1664,"[13853, 14256, 14662, 13765, 12778]"
1665,"[13847, 13184, 3923, 14349]"
1666,"[13847, 13060, 3921, 5051]"
1667,"[13847, 15062, 14318, 3925]"
1668,"[13847, 5046, 13243, 3914]"
1669,"[13837, 10106, 14367, 4636]"
1670,"[13837, 9715, 14396]"
1671,"[13837, 14814, 14375, 3916]"
1672,"[13837, 4097, 4637, 14396]"
1673,"[13834, 3488, 14408, 3922]"
1674,"[13834, 13330, 14396, 3923]"
1675,"[13834, 3506, 14352]"
1676,"[13834, 3914, 6361, 9175]"
1677,"[13831, 14659, 12778]"
1678,"[13831, 13871, 12778, 13787, 14662]"
1679,"[13831, 14685, 15200]"
1680,"[13831, 13853, 13798, 14666, 12778]"
1681,"[13828, 13040]"
1682,"[13828, 13040]"
1683,"[13828, 13040]"
1684,"[13828, 13040]"
1685,"[13825, 13784, 15200, 14669, 12778]"
1686,"[13825, 12838, 14669, 13787]"
1687,"[13825, 14647, 13784, 12778, 14659]"
1688,"[13825, 12823, 12778, 13787, 14662]"
1689,"[13823, 13572, 4637]"
1690,"[13823, 15100, 14387, 3924]"
1691,"[13823, 10665, 5498, 14370]"
1692,"[13823, 4361, 14408, 3920]"
1693,"[13820, 14315, 11651, 3922]"
1694,"[13820, 12464, 3916, 14384]"
1695,"[13820, 12978, 14402, 4758]"
1696,"[13820, 10103, 14396, 3914]"
1697,"[13802, 12829, 12778, 13787, 14682]"
1698,"[13802, 14662, 13875, 13765]"
1699,"[13802, 13862, 13888, 14682, 12778]"
1700,"[13802, 13871, 13888, 14682, 12778]"
1701,"[13798, 13866, 13756, 14662]"
1702,"[13798, 13795, 13862, 12778, 14659]"
1703,"[13798, 13825, 13853, 14677]"
1704,"[13798, 13775, 14659, 14631]"
1705,"[13795, 13862, 13888, 14666, 12778]"
1706,"[13795, 14635, 14662, 13765, 12778]"
1707,"[13795, 14666, 14625, 12778]"
1708,"[13795, 14034, 12778, 13888, 14677]"
1709,"[13792, 14355, 3917]"
1710,"[13792, 13050, 3923, 14321]"
1711,"[13792, 3920, 11439, 14387]"
1712,"[13792, 14473, 14370, 3924]"
1713,"[13790, 13866, 14659, 12778, 13891]"
1714,"[13790, 12823, 14669, 13765, 12778]"
1715,"[13790, 12829, 12778, 14677, 13787]"
1716,"[13790, 12847, 13798, 14682]"
1717,"[13787, 12852, 12700, 14662, 12778]"
1718,"[13787, 13871, 13825, 14685, 12778]"
1719,"[13787, 13741, 13866, 14669, 12778]"
1720,"[13787, 12697, 12802, 14677, 12778]"
1721,"[13784, 13951, 12843]"
1722,"[13784, 13960, 14666, 12787, 12778]"
1723,"[13784, 13741, 14682, 12793, 12778]"
1724,"[13784, 13795, 12802]"
1725,"[13781, 12797, 14662, 13765]"
1726,"[13781, 12787, 13888, 14685]"
1727,"[13781, 14625, 14685, 13784, 12778]"
1728,"[13781, 13784, 14662, 12793, 12778]"
1729,"[13778, 13866, 12778]"
1730,"[13778, 14677, 14635, 13765, 12778]"
1731,"[13778, 14053, 14682]"
1732,"[13778, 14625, 14669]"
1733,"[13775, 14659, 13875, 13765, 12778]"
1734,"[13775, 13765, 12852, 14685, 12778]"
1735,"[13775, 12823, 14659, 13765, 12778]"
1736,"[13775, 12820, 13765, 14659, 12778]"
1737,"[13772, 14682, 13891, 12802, 12778]"
1738,"[13772, 15200, 13798, 12778, 14659]"
1739,"[13772, 13866, 14682, 13798]"
1740,"[13772, 14034, 13798]"
1741,"[13768, 13866, 14662]"
1742,"[13768, 14034, 13888, 14682, 12778]"
1743,"[13768, 13862, 14659, 13888, 12778]"
1744,"[13768, 12802, 13891]"
1745,"[13765, 12802, 13920, 14685, 12778]"
1746,"[13765, 12820, 13938, 14669, 12778]"
1747,"[13765, 13753, 14635, 14662, 12778]"
1748,"[13765, 13825, 3574]"
1749,"[13762, 12829, 14677, 13787, 12778]"
1750,"[13762, 14659, 12787, 13798, 12778]"
1751,"[13762, 13862, 13784]"
1752,"[13762, 13891, 14647]"
1753,"[13759, 14625, 12778, 13888, 14662]"
1754,"[13759, 14635, 13798, 14662, 12778]"
1755,"[13759, 13891, 12802, 14662]"
1756,"[13759, 3574, 13798, 14682, 12778]"
1757,"[13756, 14034, 14669, 13765, 12778]"
1758,"[13756, 14682, 13862, 12778, 13891]"
1759,"[13756, 12778, 13787]"
1760,"[13756, 12797, 14685, 13784, 12778]"
1761,"[13753, 14625, 13798, 14666, 12778]"
1762,"[13753, 12802, 14659]"
1763,"[13753, 12823, 13891, 14669, 12778]"
1764,"[13753, 12820, 13784, 14669, 12778]"
1765,"[13741, 14647, 13798]"
1766,"[13741, 12793, 13798]"
1767,"[13741, 12793, 13888, 14677, 12778]"
1768,"[13741, 14053, 13891, 14682, 12778]"
1769,"[13738, 13891, 12802, 14682, 12778]"
1770,"[13738, 14652, 14685, 13891, 12778]"
1771,"[13738, 14048, 14685, 13891]"
1772,"[13738, 13862, 14659, 13891, 12778]"
1773,"[13735, 13853, 13888, 14666, 12778]"
1774,"[13735, 15200, 14677, 13765, 12778]"
1775,"[13735, 13895, 13787]"
1776,"[13735, 12829, 14677, 13765, 12778]"
1777,"[13731, 12793, 13784, 12778]"
1778,"[13731, 14635, 14659, 13888, 12778]"
1779,"[13731, 14631, 12778, 13765, 14666]"
1780,"[13731, 12852, 13891, 12778, 14682]"
1781,"[13717, 8384, 3372]"
1782,"[13717, 3777, 14197]"
1783,"[13717, 3372, 14214]"
1784,"[13717, 13267, 3777]"
1785,"[13675, 3921, 5046, 13156]"
1786,"[13675, 13305, 14375, 3916]"
1787,"[13675, 9158, 3923, 14402]"
1788,"[13675, 11435, 14375, 3924]"
1789,"[13672, 14315, 14284, 3915]"
1790,"[13672, 3917, 3417, 5050]"
1791,"[13672, 14746, 14396, 3891]"
1792,"[13672, 10681, 3922, 5046]"
1793,"[13669, 10665, 3915, 14352]"
1794,"[13669, 14608, 14402, 3925]"
1795,"[13669, 14412, 11199]"
1796,"[13669, 5050, 14699, 3915]"
1797,"[13666, 11376, 14349, 3916]"
1798,"[13666, 13541, 5051, 3917]"
1799,"[13666, 14396, 3925, 15001]"
1800,"[13666, 5997, 14311]"
1801,"[13663, 5986, 3917, 14384]"
1802,"[13663, 6358, 14318]"
1803,"[13663, 11649, 3916]"
1804,"[13663, 14130, 14311, 5498]"
1805,"[13660, 14328, 12589, 3921]"
1806,"[13660, 11436, 14384, 3916]"
1807,"[13660, 13206, 4636, 14392]"
1808,"[13660, 13330, 3923, 14387]"
1809,"[13654, 4756, 14402, 3925]"
1810,"[13654, 12472, 14367, 3917]"
1811,"[13654, 14762, 14349]"
1812,"[13654, 14769, 3891, 14392]"
1813,"[13647, 3922, 11650, 14408]"
1814,"[13647, 14269, 14408, 3921]"
1815,"[13647, 13167, 14412, 5498]"
1816,"[13647, 14269, 5051, 3891]"
1817,"[13644, 4097, 6361, 4637]"
1818,"[13644, 14750, 14392, 3925]"
1819,"[13644, 14756, 14370, 3924]"
1820,"[13644, 14328, 3920, 15092]"
1821,"[13641, 14762, 14405]"
1822,"[13641, 11625, 14399]"
1823,"[13641, 11436, 3922, 6361]"
1824,"[13641, 13572, 14412, 3916]"
1825,"[13638, 13300, 6361]"
1826,"[13638, 13214, 4636, 14355]"
1827,"[13638, 10681, 3914, 14315]"
1828,"[13638, 14803, 14328, 3914]"
1829,"[13631, 11436, 14315, 3923]"
1830,"[13631, 3920, 3417, 14396]"
1831,"[13631, 5600, 14405]"
1832,"[13631, 13056, 3916, 14381]"
1833,"[13628, 3508, 14311]"
1834,"[13628, 14243, 14370, 3924]"
1835,"[13628, 13423, 14381, 3916]"
1836,"[13628, 11199, 14315, 3914]"
1837,"[13625, 13206, 3924, 6361]"
1838,"[13625, 12993, 3923, 14405]"
1839,"[13625, 14402, 3920, 14284]"
1840,"[13625, 15001, 5050, 3925]"
1841,"[13622, 11651, 3924, 14402]"
1842,"[13622, 14188, 3917, 14355]"
1843,"[13622, 4097, 14321, 3917]"
1844,"[13622, 6365, 6361]"
1845,"[13620, 15096, 5046, 3923]"
1846,"[13620, 13184, 14370, 3915]"
1847,"[13620, 13056, 5046, 3914]"
1848,"[13620, 14318, 14243, 3915]"
1849,"[13618, 3486, 14352, 3924]"
1850,"[13618, 14318, 10665]"
1851,"[13618, 10103, 14328, 3914]"
1852,"[13618, 9715, 14352, 3925]"
1853,"[13612, 13330, 3921, 14355]"
1854,"[13612, 3494, 14355, 3914]"
1855,"[13612, 3925, 13330, 14412]"
1856,"[13612, 9715, 3914, 14381]"
1857,"[13599, 13161, 14384, 3922]"
1858,"[13599, 14083, 3923, 14321]"
1859,"[13599, 11376, 3917]"
1860,"[13599, 14284, 6361, 3923]"
1861,"[13596, 14392, 9700, 3916]"
1862,"[13596, 3924, 11439, 14315]"
1863,"[13596, 14803, 14375, 5498]"
1864,"[13596, 3483, 3921, 14375]"
1865,"[13592, 3921, 3418]"
1866,"[13592, 14392, 14206]"
1867,"[13592, 13423, 3925, 14370]"
1868,"[13592, 3857, 3917, 14402]"
1869,"[13589, 3247, 14346]"
1870,"[13589, 10291, 14346]"
1871,"[13589, 14826, 14346]"
1872,"[13589, 14346, 6631]"
1873,"[13582, 14846, 3917, 14318]"
1874,"[13582, 14830, 3914, 14381]"
1875,"[13582, 14835, 14396, 3925]"
1876,"[13582, 12907, 7715, 5050]"
1877,"[13577, 3268, 14346]"
1878,"[13577, 14826, 14346]"
1879,"[13577, 12932, 14346]"
1880,"[13577, 14346, 3245]"
1881,"[13572, 5051, 3924, 10202]"
1882,"[13572, 3607, 14384, 3923]"
1883,"[13572, 10206, 7715]"
1884,"[13572, 14820, 3891]"
1885,"[13541, 14378, 14408, 3924]"
1886,"[13541, 12894, 4637, 5051]"
1887,"[13541, 10288, 5051]"
1888,"[13541, 13625, 14349]"
1889,"[13536, 13378, 12922]"
1890,"[13536, 12922, 13065]"
1891,"[13536, 13065, 12922]"
1892,"[13536, 12922, 13380]"
1893,"[13520, 13380, 12922]"
1894,"[13520, 13379, 12922]"
1895,"[13520, 13378, 12922]"
1896,"[13520, 13378, 12922]"
1897,"[13423, 13622, 14381, 3914]"
1898,"[13423, 7407, 14392, 4637]"
1899,"[13423, 14355, 12873]"
1900,"[13423, 3921, 10206, 14328]"
1901,"[13416, 3359, 12937]"
1902,"[13416, 3375, 12910]"
1903,"[13416, 12937, 3375]"
1904,"[13416, 12867, 3375]"
1905,"[13407, 12910, 3375]"
1906,"[13407, 3359, 12891]"
1907,"[13407, 3373, 12867]"
1908,"[13407, 3777, 12940]"
1909,"[13380, 12922, 14164]"
1910,"[13380, 14164, 12922]"
1911,"[13380, 12922, 13290]"
1912,"[13380, 12922, 12817]"
1913,"[13379, 12922, 13520]"
1914,"[13379, 13520, 12922]"
1915,"[13379, 12817, 12922]"
1916,"[13379, 12922, 12817]"
1917,"[13378, 13290, 12922]"
1918,"[13378, 14164, 12922]"
1919,"[13378, 13520, 12922]"
1920,"[13378, 12922, 13520]"
1921,"[13354, 14839, 3916, 14405]"
1922,"[13354, 14384, 14839, 3915]"
1923,"[13354, 14384, 13625, 3891]"
1924,"[13354, 14839, 3922, 14328]"
1925,"[13346, 3388, 12862]"
1926,"[13346, 12879, 3376]"
1927,"[13346, 12870, 3388]"
1928,"[13346, 12750, 12870]"
1929,"[13338, 3372, 13717]"
1930,"[13338, 12937, 3375]"
1931,"[13338, 12937, 3372]"
1932,"[13338, 3359, 13717]"
1933,"[13330, 14375, 3604]"
1934,"[13330, 14321, 3925, 10206]"
1935,"[13330, 14402, 13837, 3914]"
1936,"[13330, 3916, 13644, 14318]"
1937,"[13320, 12891, 3359]"
1938,"[13320, 3373, 12885]"
1939,"[13320, 12910, 3373]"
1940,"[13320, 12910, 3372]"
1941,"[13310, 12745, 12876]"
1942,"[13310, 3376, 12862]"
1943,"[13310, 12750, 12934]"
1944,"[13310, 12750, 12862]"
1945,"[13305, 13644, 3922, 14387]"
1946,"[13305, 3922, 13647]"
1947,"[13305, 11530, 3915, 14352]"
1948,"[13305, 13660, 14375, 3916]"
1949,"[13300, 14402, 13618, 5498]"
1950,"[13300, 13837, 3924, 5051]"
1951,"[13300, 3914, 14367, 13592]"
1952,"[13300, 4637, 13837, 6361]"
1953,"[13290, 13380, 12922]"
1954,"[13290, 13379, 12922]"
1955,"[13290, 13379, 12922]"
1956,"[13290, 12922, 13065]"
1957,"[13282, 3376, 12934]"
1958,"[13282, 12934, 12750]"
1959,"[13282, 12934, 3376]"
1960,"[13282, 12745, 12870]"
1961,"[13277, 3359, 13717]"
1962,"[13277, 12885, 3375]"
1963,"[13277, 12891, 3373]"
1964,"[13277, 12910, 3777]"
1965,"[13267, 3373, 12891]"
1966,"[13267, 12937, 3777]"
1967,"[13267, 12937, 3359]"
1968,"[13267, 12910, 3375]"
1969,"[13262, 12904, 3386]"
1970,"[13262, 12750, 12904]"
1971,"[13262, 3388, 5493]"
1972,"[13262, 12745, 12862]"
1973,"[13258, 14381, 10288, 3920]"
1974,"[13258, 3891, 6361, 13663]"
1975,"[13258, 13612, 14355, 4637]"
1976,"[13258, 10294, 14370, 3925]"
1977,"[13243, 13675, 14402, 7715]"
1978,"[13243, 13618, 14405, 3915]"
1979,"[13243, 13620, 14349, 5498]"
1980,"[13243, 12952, 3924, 14352]"
1981,"[13240, 4637, 14823, 14352]"
1982,"[13240, 12894, 7715, 5046]"
1983,"[13240, 5498, 14387]"
1984,"[13240, 12901, 14381]"
1985,"[13220, 14355, 12930, 3917]"
1986,"[13220, 8114, 7715, 14367]"
1987,"[13220, 14835, 14349, 3891]"
1988,"[13220, 14830, 14321, 4636]"
1989,"[13214, 13669, 14318]"
1990,"[13214, 13834, 14352]"
1991,"[13214, 3924, 14370, 10297]"
1992,"[13214, 14375, 13837, 3914]"
1993,"[13210, 14826, 14346]"
1994,"[13210, 11521, 14346]"
1995,"[13210, 3245, 14346]"
1996,"[13210, 3247, 14346]"
1997,"[13206, 12873, 14408, 3922]"
1998,"[13206, 10294, 14311, 5498]"
1999,"[13206, 14405, 14852, 3915]"
2000,"[13206, 12930, 14381, 3915]"
2001,"[13199, 14396, 12930, 3891]"
2002,"[13199, 7715, 10294, 14311]"
2003,"[13199, 7407, 14412, 3923]"
2004,"[13199, 12897, 14402, 5498]"
2005,"[13189, 5493, 12750]"
2006,"[13189, 12934, 3386]"
2007,"[13189, 12750, 12862]"
2008,"[13189, 12879, 12745]"
2009,"[13184, 14375, 3604, 3922]"
2010,"[13184, 10206, 3915, 14321]"
2011,"[13184, 3923, 10288]"
2012,"[13184, 7715, 6361, 12897]"
2013,"[13174, 14328, 3595, 5498]"
2014,"[13174, 14399, 10206, 7715]"
2015,"[13174, 10202, 14381, 7715]"
2016,"[13174, 14375, 5498, 13823]"
2017,"[13167, 10294, 14399, 3920]"
2018,"[13167, 13654, 14349, 3891]"
2019,"[13167, 10294, 14355, 7715]"
2020,"[13167, 10297, 6361, 4636]"
2021,"[13161, 12882, 14355]"
2022,"[13161, 12930, 3916, 14412]"
2023,"[13161, 13834, 14402, 4636]"
2024,"[13161, 3920, 6361, 3604]"
2025,"[13156, 14402, 13618, 3915]"
2026,"[13156, 10297, 14387, 3920]"
2027,"[13156, 14820, 4637]"
2028,"[13156, 10205, 14367, 3925]"
2029,"[13150, 12750, 12870]"
2030,"[13150, 12862, 12750]"
2031,"[13150, 3376, 12879]"
2032,"[13150, 3386, 12904]"
2033,"[13144, 3386, 12870]"
2034,"[13144, 12870, 12750]"
2035,"[13144, 12879, 3376]"
2036,"[13144, 12934, 3386]"
2037,"[13133, 3375, 12940]"
2038,"[13133, 3359, 12940]"
2039,"[13133, 12867, 3373]"
2040,"[13133, 12867, 3372]"
2041,"[13127, 5493, 3376]"
2042,"[13127, 12876, 12750]"
2043,"[13127, 12904, 3386]"
2044,"[13127, 3376, 12870]"
2045,"[13115, 12862, 3386]"
2046,"[13115, 12750, 5493]"
2047,"[13115, 3376, 12870]"
2048,"[13115, 12879, 3388]"
2049,"[13107, 12745, 12870]"
2050,"[13107, 3388, 12934]"
2051,"[13107, 3386, 12879]"
2052,"[13107, 12934, 12750]"
2053,"[13103, 12904, 3388]"
2054,"[13103, 12750, 12879]"
2055,"[13103, 12745, 12934]"
2056,"[13103, 3388, 12876]"
2057,"[13091, 3359, 12891]"
2058,"[13091, 12940, 3359]"
2059,"[13091, 12940, 3777]"
2060,"[13091, 12867, 3372]"
2061,"[13087, 13717, 3373]"
2062,"[13087, 12910, 3372]"
2063,"[13087, 3359, 12891]"
2064,"[13087, 12891, 3373]"
2065,"[13082, 5493, 3388]"
2066,"[13082, 12904, 12745]"
2067,"[13082, 12862, 12745]"
2068,"[13082, 5493, 3388]"
2069,"[13077, 13828]"
2070,"[13077, 13828]"
2071,"[13077, 13828]"
2072,"[13077, 13828]"
2073,"[13071, 6394, 11695, 4761]"
2074,"[13071, 11526, 4761, 11695]"
2075,"[13071, 11695, 3279, 4761]"
2076,"[13071, 4761, 3279, 14333]"
2077,"[13066, 11526, 4761, 14333]"
2078,"[13066, 11695, 11526, 4761]"
2079,"[13066, 6394, 11695]"
2080,"[13066, 6394, 14333, 4761]"
2081,"[13060, 13625, 14311, 3924]"
2082,"[13060, 13834, 14381, 3914]"
2083,"[13060, 13622, 14399, 3891]"
2084,"[13060, 14352, 3925, 13625]"
2085,"[13065, 12817, 12922]"
2086,"[13065, 12817, 12922]"
2087,"[13065, 14164, 12922]"
2088,"[13065, 12817, 12922]"
2089,"[13056, 14321, 13612]"
2090,"[13056, 13628, 5046, 3891]"
2091,"[13056, 4637, 14835, 14392]"
2092,"[13056, 13823, 14315, 3921]"
2093,"[13053, 3923, 3265, 14392]"
2094,"[13053, 10294, 14375]"
2095,"[13053, 14318, 3917, 13618]"
2096,"[13053, 10202, 14384, 3920]"
2097,"[13050, 14384, 14830, 3924]"
2098,"[13050, 14328, 14844]"
2099,"[13050, 13599, 3922, 14352]"
2100,"[13050, 13622, 14381, 3917]"
2101,"[13040, 13828]"
2102,"[13040, 13828]"
2103,"[13040, 13828]"
2104,"[13040, 13828]"
2105,"[13032, 11530, 14352, 3917]"
2106,"[13032, 13622, 14402, 3917]"
2107,"[13032, 12894, 3922, 14311]"
2108,"[13032, 14349, 14852, 3924]"
2109,"[12998, 14408, 13675, 3914]"
2110,"[12998, 3923, 10288, 14396]"
2111,"[12998, 3265, 3920, 14328]"
2112,"[12998, 14387, 10288, 3924]"
2113,"[12993, 14387, 14844, 4636]"
2114,"[12993, 12901, 3891, 14367]"
2115,"[12993, 12907, 4637, 14311]"
2116,"[12993, 5051, 12897, 4636]"
2117,"[12978, 14392, 10202, 3891]"
2118,"[12978, 5051, 13675, 4636]"
2119,"[12978, 14820, 14367, 3891]"
2120,"[12978, 14370, 14820, 4637]"
2121,"[12952, 14246, 14396, 3891]"
2122,"[12952, 5051, 11643, 3916]"
2123,"[12952, 14138, 14412, 4637]"
2124,"[12952, 5051, 6358, 3921]"
2125,"[12940, 14197, 3359]"
2126,"[12940, 14773, 3373]"
2127,"[12940, 13407, 3372]"
2128,"[12940, 15081, 3375]"
2129,"[12937, 14197, 3373]"
2130,"[12937, 13091, 3372]"
2131,"[12937, 12621, 3375]"
2132,"[12937, 8384, 3777]"
2133,"[12934, 15076, 12745]"
2134,"[12934, 13346, 3376]"
2135,"[12934, 14777, 3386]"
2136,"[12934, 12750, 4710]"
2137,"[12932, 12488, 14346]"
2138,"[12932, 11520, 14346]"
2139,"[12932, 3423, 14346]"
2140,"[12932, 5082, 14346]"
2141,"[12930, 14814, 6361, 3916]"
2142,"[12930, 14399, 7715]"
2143,"[12930, 14328, 14222, 3921]"
2144,"[12930, 14179, 3917, 6361]"
2145,"[12925, 5983, 14346]"
2146,"[12925, 5085, 14346]"
2147,"[12925, 15055, 14346]"
2148,"[12925, 13577, 14346]"
2149,"[12922, 13065, 12817]"
2150,"[12922, 14164, 13380]"
2151,"[12922, 12817, 13379]"
2152,"[12922, 14164, 13065]"
2153,"[12919, 11652]"
2154,"[12919, 11652]"
2155,"[12919, 11652]"
2156,"[12919, 11652]"
2157,"[12916, 14602]"
2158,"[12916, 14602]"
2159,"[12916, 14602]"
2160,"[12916, 14602]"
2161,"[12910, 3375, 3374]"
2162,"[12910, 14078, 3373]"
2163,"[12910, 14773, 3375]"
2164,"[12910, 13416, 3372]"
2165,"[12907, 14352, 3857, 4636]"
2166,"[12907, 14699, 14392, 5498]"
2167,"[12907, 12589, 3915, 14396]"
2168,"[12907, 3921, 3506, 14328]"
2169,"[12904, 12597, 12750]"
2170,"[12904, 14896, 12745]"
2171,"[12904, 14464, 3388]"
2172,"[12904, 5077, 3386]"
2173,"[12901, 5990, 14349, 4636]"
2174,"[12901, 14913, 3916, 14408]"
2175,"[12901, 14184, 3923, 14352]"
2176,"[12901, 12483, 14405, 7715]"
2177,"[12897, 14803, 5050, 4637]"
2178,"[12897, 3483, 3920, 6361]"
2179,"[12897, 13258, 3915, 14399]"
2180,"[12897, 10099, 5498, 14412]"
2181,"[12894, 14349, 15010, 3923]"
2182,"[12894, 14405, 13167, 3914]"
2183,"[12894, 3486, 3924, 5051]"
2184,"[12894, 14083, 5046, 3924]"
2185,"[12891, 14099, 3375]"
2186,"[12891, 14231, 3372]"
2187,"[12891, 14470, 3359]"
2188,"[12891, 13277, 3359]"
2189,"[12885, 10108, 3359]"
2190,"[12885, 3374, 3373]"
2191,"[12885, 13087, 3372]"
2192,"[12885, 3788, 3373]"
2193,"[12882, 14750, 14315, 3891]"
2194,"[12882, 14814, 14318, 3925]"
2195,"[12882, 13206, 14321, 3891]"
2196,"[12882, 14138, 3917, 14321]"
2197,"[12879, 13082, 12750]"
2198,"[12879, 4710, 12745]"
2199,"[12879, 14201, 12745]"
2200,"[12879, 13150, 3386]"
2201,"[12876, 14235, 3376]"
2202,"[12876, 13282, 12745]"
2203,"[12876, 13346, 3388]"
2204,"[12876, 13082, 3388]"
2205,"[12873, 3504, 4637, 5051]"
2206,"[12873, 14083, 14349, 3920]"
2207,"[12873, 10106, 3914, 14370]"
2208,"[12873, 3500, 14384, 3922]"
2209,"[12870, 14484, 12750]"
2210,"[12870, 14484, 3386]"
2211,"[12870, 12437, 3386]"
2212,"[12870, 14093, 12745]"
2213,"[12867, 14457, 3372]"
2214,"[12867, 14231, 3777]"
2215,"[12867, 14586, 3375]"
2216,"[12867, 13338, 3359]"
2217,"[12862, 13144, 3386]"
2218,"[12862, 13082, 3388]"
2219,"[12862, 13282, 3376]"
2220,"[12862, 14464, 3376]"
2221,"[12856, 13784, 12638, 14659, 12778]"
2222,"[12856, 12657, 14666, 12778, 13784]"
2223,"[12856, 13947, 13784, 14662, 12778]"
2224,"[12856, 14669, 13795, 13784, 12778]"
2225,"[12852, 14666, 12657]"
2226,"[12852, 14677, 13960]"
2227,"[12852, 12638, 14662, 13798]"
2228,"[12852, 12687, 13784, 14662, 12778]"
2229,"[12847, 13957, 13798, 14685, 12778]"
2230,"[12847, 14256, 14677, 13765, 12778]"
2231,"[12847, 12651, 13891, 14659, 12778]"
2232,"[12847, 14256, 13888, 14659, 12778]"
2233,"[12843, 13765, 12678, 14662, 12778]"
2234,"[12843, 13778, 14669, 13787, 12778]"
2235,"[12843, 13731, 13784, 14662, 12778]"
2236,"[12843, 13787, 12657, 12778, 14662]"
2237,"[12838, 13781, 13888, 14677, 12778]"
2238,"[12838, 14256, 13787, 14669, 12778]"
2239,"[12838, 12651, 13891, 14677]"
2240,"[12838, 13787, 12700, 14682, 12778]"
2241,"[12829, 13831, 13787, 14677]"
2242,"[12829, 14669, 13941, 13784, 12778]"
2243,"[12829, 13784, 12651, 12778, 14669]"
2244,"[12829, 13966, 13765, 14685]"
2245,"[12823, 12651, 13891]"
2246,"[12823, 13970, 13765, 14666, 12778]"
2247,"[12823, 13768, 13787, 14659]"
2248,"[12823, 13903, 14685, 13798, 12778]"
2249,"[12820, 13759, 14685, 13888, 12778]"
2250,"[12820, 12666, 14659, 13787, 12778]"
2251,"[12820, 13957, 14666, 13888, 12778]"
2252,"[12820, 13765, 13957, 14662]"
2253,"[12817, 13378, 12922]"
2254,"[12817, 13065, 12922]"
2255,"[12817, 13380, 12922]"
2256,"[12817, 12922, 13380]"
2257,"[12802, 14666, 13935]"
2258,"[12802, 13831, 14677, 12778, 13891]"
2259,"[12802, 13784, 13966, 14685, 12778]"
2260,"[12802, 14666, 13775, 13891, 12778]"
2261,"[12797, 13944, 14669, 13765]"
2262,"[12797, 13966, 14666, 13784, 12778]"
2263,"[12797, 13888, 12700, 14669, 12778]"
2264,"[12797, 13960, 13888, 14659]"
2265,"[12793, 13802, 14669, 13891, 12778]"
2266,"[12793, 13759, 14682]"
2267,"[12793, 13762, 14659, 12778]"
2268,"[12793, 13775, 13765, 12778, 14659]"
2269,"[12787, 13957, 13798, 14669]"
2270,"[12787, 13775, 13787, 14682, 12778]"
2271,"[12787, 13825, 13787, 14669, 12778]"
2272,"[12787, 12672, 13798, 14659, 12778]"
2273,"[12778, 13735, 12787, 14685, 13765]"
2274,"[12778, 13963, 14641, 14682, 13765]"
2275,"[12778, 13891, 13768]"
2276,"[12778, 14034, 12703, 14662, 13888]"
2277,"[12750, 14093, 12876]"
2278,"[12750, 14235, 12879]"
2279,"[12750, 13262, 12876]"
2280,"[12750, 14777, 12870]"
2281,"[12745, 12437, 12879]"
2282,"[12745, 5493, 4710]"
2283,"[12745, 12540, 12879]"
2284,"[12745, 12540, 12934]"
2285,"[12703, 12787, 14682, 12778]"
2286,"[12703, 12787, 13891, 12778, 14682]"
2287,"[12703, 13895, 14677, 13765, 12778]"
2288,"[12703, 12820, 13765, 14659, 12778]"
2289,"[12700, 15196, 13891]"
2290,"[12700, 13871, 13784, 14677, 12778]"
2291,"[12700, 13866, 13787, 14669, 12778]"
2292,"[12700, 14034, 13891, 14685, 12778]"
2293,"[12697, 15196, 13798, 14685, 12778]"
2294,"[12697, 3574, 13888, 14682, 12778]"
2295,"[12697, 14053, 13891]"
2296,"[12697, 12852, 13784, 14682, 12778]"
2297,"[12687, 13765, 12856, 12778, 14685]"
2298,"[12687, 3574, 13787, 14666, 12778]"
2299,"[12687, 12847, 13798, 14682, 12778]"
2300,"[12687, 13798, 12847]"
2301,"[12681, 13866, 14662, 13787, 12778]"
2302,"[12681, 12778, 13787, 14662, 14034]"
2303,"[12681, 15200, 14682, 13784, 12778]"
2304,"[12681, 14652, 12778, 14669, 13891]"
2305,"[12678, 12847, 13787]"
2306,"[12678, 12778, 12847]"
2307,"[12678, 13853, 14662, 13891]"
2308,"[12678, 12856, 14682, 13765]"
2309,"[12672, 14666, 13888, 14625, 12778]"
2310,"[12672, 13891, 14662, 12852]"
2311,"[12672, 14659, 12820, 13888, 12778]"
2312,"[12672, 14641, 13765, 14669, 12778]"
2313,"[12666, 14641, 13787, 14685, 12778]"
2314,"[12666, 13862, 14669, 13765, 12778]"
2315,"[12666, 12778, 15196]"
2316,"[12666, 13765, 14625]"
2317,"[12657, 12802, 14682, 13798, 12778]"
2318,"[12657, 13787, 13866, 14682, 12778]"
2319,"[12657, 3574, 14685, 13765, 12778]"
2320,"[12657, 12852, 13784, 14682]"
2321,"[12651, 14682, 14053, 13765, 12778]"
2322,"[12651, 15196, 14677, 13784, 12778]"
2323,"[12651, 12820, 14669, 12778, 13888]"
2324,"[12651, 14625, 13784, 14685, 12778]"
2325,"[12638, 13866, 13891, 14666, 12778]"
2326,"[12638, 13866, 14685]"
2327,"[12638, 14978, 13784, 14677, 12778]"
2328,"[12638, 13765, 12829]"
2329,"[12634, 12797, 12778, 13787, 14666]"
2330,"[12634, 12823, 12778, 13765, 14682]"
2331,"[12634, 12829, 13798, 14685, 12778]"
2332,"[12634, 3574, 14659, 13787]"
2333,"[12621, 12891, 3372]"
2334,"[12621, 3777, 12885]"
2335,"[12621, 12937, 3359]"
2336,"[12621, 3359, 12867]"
2337,"[12608, 12745, 12870]"
2338,"[12608, 12750, 12870]"
2339,"[12608, 5493, 12745]"
2340,"[12608, 12876, 12750]"
2341,"[12604, 6394, 14333, 4761]"
2342,"[12604, 14333, 6394]"
2343,"[12604, 3279, 11695, 4761]"
2344,"[12604, 11695, 3279]"
2345,"[12602, 5493, 3376]"
2346,"[12602, 3386, 12879]"
2347,"[12602, 3388, 12870]"
2348,"[12602, 12862, 3376]"
2349,"[12597, 5493, 12750]"
2350,"[12597, 12876, 3388]"
2351,"[12597, 12904, 3376]"
2352,"[12597, 3376, 5493]"
2353,"[12589, 12882, 5046, 7715]"
2354,"[12589, 3595, 4636, 14352]"
2355,"[12589, 13663, 14367]"
2356,"[12589, 5046, 4637, 13625]"
2357,"[12570, 6631, 14346]"
2358,"[12570, 3268, 14346]"
2359,"[12570, 11521, 14346]"
2360,"[12570, 14346, 10195]"
2361,"[12555, 14367, 14846, 5498]"
2362,"[12555, 3914, 3604, 14384]"
2363,"[12555, 13660, 6361, 3915]"
2364,"[12555, 7407, 7715, 14328]"
2365,"[12540, 3376, 12876]"
2366,"[12540, 3386, 12876]"
2367,"[12540, 12745, 12876]"
2368,"[12540, 12750, 12879]"
2369,"[12525, 3268, 14346]"
2370,"[12525, 10195, 14346]"
2371,"[12525, 14346, 3247]"
2372,"[12525, 6631, 14346]"
2373,"[12521, 11695, 11526, 4761]"
2374,"[12521, 11695, 6394, 4761]"
2375,"[12521, 11526, 11695]"
2376,"[12521, 11526, 11695, 4761]"
2377,"[12504, 14352, 13612, 3921]"
2378,"[12504, 6361, 13592, 3916]"
2379,"[12504, 3595, 3925, 14321]"
2380,"[12504, 14844, 14352, 3891]"
2381,"[12498, 5493, 3376]"
2382,"[12498, 3388, 12876]"
2383,"[12498, 12904, 12745]"
2384,"[12498, 12876, 12745]"
2385,"[12497, 3245, 14346]"
2386,"[12497, 12932, 14346]"
2387,"[12497, 3245, 14346]"
2388,"[12497, 14826, 14346]"
2389,"[12494, 13599, 14321, 7715]"
2390,"[12494, 13669, 14402, 5498]"
2391,"[12494, 10205, 14370, 4637]"
2392,"[12494, 14399, 13644, 4637]"
2393,"[12488, 12932, 14346]"
2394,"[12488, 11521, 14346]"
2395,"[12488, 11521, 14346]"
2396,"[12488, 3268, 14346]"
2397,"[12483, 12894, 14375, 3917]"
2398,"[12483, 14405, 5498, 3607]"
2399,"[12483, 5498, 12894, 14402]"
2400,"[12483, 12901, 14321, 3915]"
2401,"[12472, 3924, 13631, 14355]"
2402,"[12472, 13660, 3925, 14355]"
2403,"[12472, 14349, 11530, 4636]"
2404,"[12472, 14820, 5050, 3924]"
2405,"[12468, 12910, 3777]"
2406,"[12468, 12940, 3375]"
2407,"[12468, 3375, 12867]"
2408,"[12468, 3359, 12937]"
2409,"[12464, 14852, 3922]"
2410,"[12464, 12901, 3923]"
2411,"[12464, 12952, 14315]"
2412,"[12464, 3922, 13599, 14392]"
2413,"[12451, 3376, 12876]"
2414,"[12451, 3386, 12862]"
2415,"[12451, 12904, 12750]"
2416,"[12451, 3386, 12879]"
2417,"[12437, 12904, 12745]"
2418,"[12437, 12745, 12862]"
2419,"[12437, 3376, 5493]"
2420,"[12437, 12876, 3376]"
2421,"[11911, 13828]"
2422,"[11911, 13828]"
2423,"[11911, 13828]"
2424,"[11911, 13828]"
2425,"[11896, 13828]"
2426,"[11896, 13828]"
2427,"[11896, 13828]"
2428,"[11896, 13828]"
2429,"[11894, 12894, 3923, 14387]"
2430,"[11894, 13612, 5051, 3917]"
2431,"[11894, 12907, 3924]"
2432,"[11894, 14375, 14830, 3924]"
2433,"[11880, 12891, 3375]"
2434,"[11880, 3375, 13717]"
2435,"[11880, 12885, 3777]"
2436,"[11880, 3777, 12867]"
2437,"[11695, 13066, 6394, 4761]"
2438,"[11695, 6394, 11692, 4761]"
2439,"[11695, 3279, 8388, 4761]"
2440,"[11695, 11526, 3513, 4761]"
2441,"[11692, 11526, 14333, 4761]"
2442,"[11692, 3279, 11695, 4761]"
2443,"[11692, 4761, 11695, 3279]"
2444,"[11692, 14333, 11526, 4761]"
2445,"[11652, 12919]"
2446,"[11652, 12919]"
2447,"[11652, 12919]"
2448,"[11652, 12919]"
2449,"[11651, 5050, 14844]"
2450,"[11651, 13823, 14402, 5498]"
2451,"[11651, 3925, 12894, 14370]"
2452,"[11651, 13647, 3915, 14375]"
2453,"[11650, 10206, 14396, 4636]"
2454,"[11650, 13599, 14405, 3915]"
2455,"[11650, 14846, 14405]"
2456,"[11650, 11530, 14375, 3914]"
2457,"[11649, 10206, 14387, 3922]"
2458,"[11649, 3916, 12882]"
2459,"[11649, 13654, 3914, 6361]"
2460,"[11649, 13672, 7715, 14387]"
2461,"[11647, 3268, 14346]"
2462,"[11647, 12925, 14346]"
2463,"[11647, 3247, 14346]"
2464,"[11647, 10291, 14346]"
2465,"[11643, 7715, 14830, 14375]"
2466,"[11643, 3597, 5051]"
2467,"[11643, 3915, 13834, 14352]"
2468,"[11643, 14839, 14349, 4636]"
2469,"[11642, 6631, 14346]"
2470,"[11642, 3245, 14346]"
2471,"[11642, 12932, 14346]"
2472,"[11642, 3247, 14346]"
2473,"[11641, 10195, 14346]"
2474,"[11641, 12932, 14346]"
2475,"[11641, 11521, 14346]"
2476,"[11641, 14826, 14346]"
2477,"[11625, 14321, 3265, 3916]"
2478,"[11625, 8114, 14370, 3920]"
2479,"[11625, 3917, 14412, 13792]"
2480,"[11625, 14370, 3920]"
2481,"[11624, 3245, 14346]"
2482,"[11624, 12932, 14346]"
2483,"[11624, 14826, 14346]"
2484,"[11624, 12932, 14346]"
2485,"[11623, 12932, 14346]"
2486,"[11623, 14826, 14346]"
2487,"[11623, 3268, 14346]"
2488,"[11623, 3245, 14346]"
2489,"[11622, 13792, 14384, 5498]"
2490,"[11622, 14852, 3921, 14321]"
2491,"[11622, 13834, 14367, 4637]"
2492,"[11622, 13837, 14381]"
2493,"[11613, 3245, 14346]"
2494,"[11613, 14346, 3247]"
2495,"[11613, 12925, 14346]"
2496,"[11613, 3268, 14346]"
2497,"[11612, 14387, 3891, 3607]"
2498,"[11612, 13618, 14370, 3915]"
2499,"[11612, 3604, 14384, 3917]"
2500,"[11612, 13669, 14370, 3915]"
2501,"[11530, 3921, 15010, 14412]"
2502,"[11530, 7715, 13032, 14396]"
2503,"[11530, 12483, 14412, 4636]"
2504,"[11530, 3177, 4636, 5046]"
2505,"[11529, 14326, 3531, 4758]"
2506,"[11529, 3542, 4758]"
2507,"[11529, 3531, 4758, 14326]"
2508,"[11529, 3542, 14326]"
2509,"[11526, 3513, 14333, 4761]"
2510,"[11526, 3519, 11695, 4761]"
2511,"[11526, 6357, 14333, 4761]"
2512,"[11526, 4761, 11692, 14333]"
2513,"[11524, 3245, 14346]"
2514,"[11524, 6631, 14346]"
2515,"[11524, 10291, 14346]"
2516,"[11524, 3247, 14346]"
2517,"[11522, 10195, 14346]"
2518,"[11522, 12932, 14346]"
2519,"[11522, 12925, 14346]"
2520,"[11522, 12925, 14346]"
2521,"[11521, 15055, 14346]"
2522,"[11521, 10791, 14346]"
2523,"[11521, 3590, 14346]"
2524,"[11521, 3803, 14346]"
2525,"[11520, 14346, 3247]"
2526,"[11520, 12925, 14346]"
2527,"[11520, 12932, 14346]"
2528,"[11520, 12932, 14346]"
2529,"[11519, 14346, 6631]"
2530,"[11519, 6631, 14346]"
2531,"[11519, 14826, 14346]"
2532,"[11519, 3245, 14346]"
2533,"[11518, 3247, 14346]"
2534,"[11518, 10291, 14346]"
2535,"[11518, 3247, 14346]"
2536,"[11518, 6631, 14346]"
2537,"[11442, 12925, 14346]"
2538,"[11442, 3245, 14346]"
2539,"[11442, 3245, 14346]"
2540,"[11442, 11521, 14346]"
2541,"[11439, 12882, 14381]"
2542,"[11439, 14846, 14352, 4637]"
2543,"[11439, 13654, 14381, 3914]"
2544,"[11439, 14392, 10202, 3922]"
2545,"[11437, 13618, 5050, 3914]"
2546,"[11437, 14352, 13847, 3915]"
2547,"[11437, 14328, 12894, 3923]"
2548,"[11437, 13618, 3916, 5051]"
2549,"[11436, 14396, 13660, 3917]"
2550,"[11436, 5051, 10206, 3891]"
2551,"[11436, 12930, 4637, 14387]"
2552,"[11436, 14349, 13647, 3891]"
2553,"[11435, 3914, 12897, 14384]"
2554,"[11435, 14387, 3924, 11530]"
2555,"[11435, 14402, 7407, 3920]"
2556,"[11435, 3604, 14408, 3924]"
2557,"[11386, 13672, 14402, 3924]"
2558,"[11386, 14370, 13669, 3917]"
2559,"[11386, 10288, 14402, 3925]"
2560,"[11386, 10206, 14375, 4636]"
2561,"[11376, 12897, 3922, 5050]"
2562,"[11376, 3597, 14412, 3925]"
2563,"[11376, 14375, 12952, 3924]"
2564,"[11376, 3917, 5046]"
2565,"[11199, 13592, 3916, 14402]"
2566,"[11199, 14844, 3891, 14402]"
2567,"[11199, 13675, 3923]"
2568,"[11199, 3922, 3595, 14328]"
2569,"[11152, 12891, 3777]"
2570,"[11152, 12891, 3359]"
2571,"[11152, 3359, 12937]"
2572,"[11152, 12885, 3359]"
2573,"[10791, 10291, 14346]"
2574,"[10791, 10291, 14346]"
2575,"[10791, 3245, 14346]"
2576,"[10791, 14346, 10291]"
2577,"[10692, 10288, 14352, 3914]"
2578,"[10692, 13628, 3917, 14367]"
2579,"[10692, 13847, 14384, 3922]"
2580,"[10692, 13592, 14381]"
2581,"[10681, 14399, 13847, 3920]"
2582,"[10681, 13625, 14315, 3925]"
2583,"[10681, 13792, 3921, 14375]"
2584,"[10681, 12901, 3924, 14352]"
2585,"[10665, 12894, 14392, 4637]"
2586,"[10665, 3922, 13599, 14399]"
2587,"[10665, 13672, 5051, 3891]"
2588,"[10665, 5046, 14835, 5498]"
2589,"[10298, 12483, 4636, 14381]"
2590,"[10298, 14134, 14396, 3891]"
2591,"[10298, 3483, 14315, 3925]"
2592,"[10298, 13206, 14396, 4636]"
2593,"[10297, 10692, 7715, 14370]"
2594,"[10297, 14408, 14909, 3891]"
2595,"[10297, 14387, 12472, 3921]"
2596,"[10297, 3213, 3915, 14399]"
2597,"[10294, 15189, 14396]"
2598,"[10294, 13206, 14412]"
2599,"[10294, 14405, 13572]"
2600,"[10294, 12993, 14387, 3920]"
2601,"[10291, 5085, 14346]"
2602,"[10291, 5082, 14346]"
2603,"[10291, 11613, 14346]"
2604,"[10291, 4601, 14346]"
2605,"[10288, 14405, 4600, 3924]"
2606,"[10288, 11650, 4637, 5050]"
2607,"[10288, 14318, 3500, 3925]"
2608,"[10288, 15006, 4636, 14311]"
2609,"[10208, 13174, 5498, 14412]"
2610,"[10208, 5051, 14933, 3923]"
2611,"[10208, 13056, 14375, 3915]"
2612,"[10208, 12464, 14396, 3916]"
2613,"[10206, 14104, 14321, 3891]"
2614,"[10206, 12555, 14396]"
2615,"[10206, 3917, 13423, 14367]"
2616,"[10206, 11435, 14315, 3917]"
2617,"[10205, 3915, 11650, 14381]"
2618,"[10205, 10103, 14396, 3924]"
2619,"[10205, 15062, 14318, 3925]"
2620,"[10205, 5051, 14222, 5498]"
2621,"[10202, 15100, 14318, 3915]"
2622,"[10202, 6361, 14480, 3914]"
2623,"[10202, 10103, 14408]"
2624,"[10202, 5498, 11894, 14311]"
2625,"[10195, 5982, 14346]"
2626,"[10195, 4360, 14346]"
2627,"[10195, 14876, 14346]"
2628,"[10195, 14986, 14346]"
2629,"[10117, 12876, 12750]"
2630,"[10117, 12904, 3388]"
2631,"[10117, 12879, 12750]"
2632,"[10117, 12934, 12745]"
2633,"[10108, 12891, 3373]"
2634,"[10108, 3375, 13717]"
2635,"[10108, 12867, 3777]"
2636,"[10108, 12885, 3359]"
2637,"[10107, 13828]"
2638,"[10107, 13828]"
2639,"[10107, 13828]"
2640,"[10107, 13828]"
2641,"[10106, 13618, 4636, 14387]"
2642,"[10106, 7715, 13638, 14392]"
2643,"[10106, 14392, 13663]"
2644,"[10106, 7407, 14355, 3914]"
2645,"[10104, 3245, 14346]"
2646,"[10104, 3247, 14346]"
2647,"[10104, 14826, 14346]"
2648,"[10104, 12932, 14346]"
2649,"[10103, 10294, 14384]"
2650,"[10103, 13599, 14405, 3916]"
2651,"[10103, 10202, 3916, 6361]"
2652,"[10103, 14846, 4636]"
2653,"[10101, 10291, 14346]"
2654,"[10101, 10291, 14346]"
2655,"[10101, 12925, 14346]"
2656,"[10101, 10195, 14346]"
2657,"[10100, 10291, 14346]"
2658,"[10100, 14826, 14346]"
2659,"[10100, 6631, 14346]"
2660,"[10100, 3268, 14346]"
2661,"[10099, 14328, 3265]"
2662,"[10099, 13675, 14318, 3915]"
2663,"[10099, 13599, 4636, 14375]"
2664,"[10099, 14315, 3914, 12897]"
2665,"[9715, 6361, 14844, 4636]"
2666,"[9715, 14315, 11530, 3923]"
2667,"[9715, 14820, 14355, 3915]"
2668,"[9715, 14328, 10288, 3915]"
2669,"[9700, 14311, 13625, 7715]"
2670,"[9700, 3924, 14405, 12882]"
2671,"[9700, 13620, 3916, 14367]"
2672,"[9700, 12873, 14375, 3916]"
2673,"[9175, 14384, 10288, 3917]"
2674,"[9175, 12873, 14387]"
2675,"[9175, 3891, 3597, 14392]"
2676,"[9175, 3924, 14852, 14392]"
2677,"[9158, 3920, 12882, 6361]"
2678,"[9158, 10298, 14318, 3921]"
2679,"[9158, 14835, 3921]"
2680,"[9158, 14321, 13675, 3922]"
2681,"[9157, 12894, 14355, 3922]"
2682,"[9157, 12873, 3925]"
2683,"[9157, 12882, 14352, 5498]"
2684,"[9157, 13669, 3920, 14311]"
2685,"[8952, 14846, 3925]"
2686,"[8952, 13631, 14318, 3921]"
2687,"[8952, 14839, 7715]"
2688,"[8952, 14820, 3923, 14402]"
2689,"[8388, 4761, 3279, 14333]"
2690,"[8388, 14333, 11526, 4761]"
2691,"[8388, 6394, 11695, 4761]"
2692,"[8388, 6394, 4761]"
2693,"[8387, 12879, 13115]"
2694,"[8387, 14896, 12876]"
2695,"[8387, 14201, 12870]"
2696,"[8387, 12540, 12862]"
2697,"[8384, 3359, 12867]"
2698,"[8384, 3375, 13717]"
2699,"[8384, 3373, 12937]"
2700,"[8384, 3777, 12867]"
2701,"[8114, 3506, 3925, 14355]"
2702,"[8114, 12464, 5498, 14355]"
2703,"[8114, 14460, 3923, 14381]"
2704,"[8114, 13354, 3922, 6361]"
2705,"[7715, 15016, 7407, 14412]"
2706,"[7715, 13305, 3265, 14318]"
2707,"[7715, 10099, 14367, 13837]"
2708,"[7715, 13243, 11530, 14370]"
2709,"[7407, 10692, 7715, 14367]"
2710,"[7407, 3891, 13541, 14367]"
2711,"[7407, 14708, 5050, 3891]"
2712,"[7407, 14909, 3921, 14370]"
2713,"[7391, 13040]"
2714,"[7391, 13040]"
2715,"[7391, 13040]"
2716,"[7391, 13040]"
2717,"[7390, 13040]"
2718,"[7390, 13040]"
2719,"[7390, 13040]"
2720,"[7390, 13040]"
2721,"[6631, 3584, 14346]"
2722,"[6631, 3803, 14346]"
2723,"[6631, 4601, 14346]"
2724,"[6631, 15055, 14346]"
2725,"[6399, 10291, 14346]"
2726,"[6399, 10291, 14346]"
2727,"[6399, 11521, 14346]"
2728,"[6399, 12932, 14346]"
2729,"[6394, 11695, 3513, 4761]"
2730,"[6394, 11692, 11695, 4761]"
2731,"[6394, 11695, 6354, 4761]"
2732,"[6394, 12521, 11695]"
2733,"[6365, 12901, 6361, 4636]"
2734,"[6365, 14835, 14349, 3914]"
2735,"[6365, 3917, 12894, 14311]"
2736,"[6365, 14852, 7715, 14328]"
2737,"[6361, 12993, 14378, 3915]"
2738,"[6361, 3916, 13823, 4756]"
2739,"[6361, 15096, 10298, 3921]"
2740,"[6361, 12483, 3597, 3922]"
2741,"[6358, 3920, 14412, 12882]"
2742,"[6358, 13660, 14387, 3924]"
2743,"[6358, 14839, 14321, 3914]"
2744,"[6358, 14349, 12907, 3916]"
2745,"[6357, 3279, 14333, 4761]"
2746,"[6357, 4761, 11695, 3279]"
2747,"[6357, 6394, 14333, 4761]"
2748,"[6357, 6394, 11695, 4761]"
2749,"[6354, 4761, 11526, 14333]"
2750,"[6354, 6394, 4761, 11695]"
2751,"[6354, 6394, 14333, 4761]"
2752,"[6354, 3279, 14333, 4761]"
2753,"[6121, 14259, 14682, 13888, 12778]"
2754,"[6121, 13951, 14677, 13784, 12778]"
2755,"[6121, 13954, 14682, 13888, 12778]"
2756,"[6121, 13935, 14682]"
2757,"[6074, 13828]"
2758,"[6074, 13828]"
2759,"[6074, 13828]"
2760,"[6074, 13828]"
2761,"[5997, 13631, 14355, 4637]"
2762,"[5997, 14823, 3916]"
2763,"[5997, 14384, 3916, 13620]"
2764,"[5997, 5046, 10202, 7715]"
2765,"[5994, 12925, 14346]"
2766,"[5994, 12925, 14346]"
2767,"[5994, 10195, 14346]"
2768,"[5994, 10291, 14346]"
2769,"[5990, 7407, 4636, 14384]"
2770,"[5990, 14408, 8114]"
2771,"[5990, 14349, 13622, 3917]"
2772,"[5990, 3916, 7407]"
2773,"[5986, 14349, 3920, 14823]"
2774,"[5986, 13641, 14328, 3920]"
2775,"[5986, 12897, 14402, 3922]"
2776,"[5986, 13837, 3920, 14311]"
2777,"[5985, 3268, 14346]"
2778,"[5985, 14826, 14346]"
2779,"[5985, 14826, 14346]"
2780,"[5985, 10195, 14346]"
2781,"[5984, 10291, 14346]"
2782,"[5984, 3247, 14346]"
2783,"[5984, 3247, 14346]"
2784,"[5984, 12932, 14346]"
2785,"[5983, 11521, 14346]"
2786,"[5983, 12925, 14346]"
2787,"[5983, 6631, 14346]"
2788,"[5983, 3268, 14346]"
2789,"[5982, 3268, 14346]"
2790,"[5982, 14826, 14346]"
2791,"[5982, 12932, 14346]"
2792,"[5982, 11521, 14346]"
2793,"[5967, 3245, 14346]"
2794,"[5967, 3268, 14346]"
2795,"[5967, 11521, 14346]"
2796,"[5967, 11521, 14346]"
2797,"[5959, 13828]"
2798,"[5959, 13828]"
2799,"[5959, 13828]"
2800,"[5959, 13828]"
2801,"[5865, 13620, 14392, 3920]"
2802,"[5865, 3595, 14355, 3924]"
2803,"[5865, 12897, 3915, 5046]"
2804,"[5865, 14830, 6361, 4637]"
2805,"[5600, 14392, 13618, 3922]"
2806,"[5600, 3604, 3914]"
2807,"[5600, 3597, 14375, 3915]"
2808,"[5600, 14846, 3922]"
2809,"[5498, 11894, 12907, 14402]"
2810,"[5498, 3857, 13592]"
2811,"[5498, 14846, 6361, 12555]"
2812,"[5498, 14769, 14830, 14370]"
2813,"[5493, 14093, 3388]"
2814,"[5493, 15076, 3376]"
2815,"[5493, 4710, 3386]"
2816,"[5493, 12498, 12750]"
2817,"[5478, 11652]"
2818,"[5478, 11652]"
2819,"[5478, 11652]"
2820,"[5478, 11652]"
2821,"[5085, 3268, 14346]"
2822,"[5085, 10291, 14346]"
2823,"[5085, 10195, 14346]"
2824,"[5085, 3268, 14346]"
2825,"[5082, 3247, 14346]"
2826,"[5082, 3268, 14346]"
2827,"[5082, 3268, 14346]"
2828,"[5082, 12932, 14346]"
2829,"[5077, 12876, 3386]"
2830,"[5077, 12750, 12870]"
2831,"[5077, 12876, 12750]"
2832,"[5077, 12745, 12879]"
2833,"[5051, 12978, 13628, 3917]"
2834,"[5051, 13060, 4636, 14823]"
2835,"[5051, 3265, 14104, 3916]"
2836,"[5051, 10298, 4599, 3920]"
2837,"[5050, 14909, 10297, 3915]"
2838,"[5050, 13663, 3891, 11437]"
2839,"[5050, 4636, 3597, 11649]"
2840,"[5050, 11530, 13220, 3917]"
2841,"[5046, 13572, 10206]"
2842,"[5046, 11651, 12930, 3924]"
2843,"[5046, 14823, 13423, 3914]"
2844,"[5046, 5865, 10297, 4636]"
2845,"[4986, 13638, 14370, 3917]"
2846,"[4986, 10205, 3921, 14370]"
2847,"[4986, 10298, 14399, 4637]"
2848,"[4986, 13654, 14318, 3891]"
2849,"[4761, 14333, 3513]"
2850,"[4761, 6394, 4505]"
2851,"[4761, 6357, 11695, 11526]"
2852,"[4761, 13071, 3279, 14333]"
2853,"[4758, 3529, 14326, 3243]"
2854,"[4758, 14326, 15066, 3243]"
2855,"[4758, 11529, 3531, 14326]"
2856,"[4758, 11529, 3529, 14326]"
2857,"[4756, 5050, 13654, 3891]"
2858,"[4756, 13631, 14399]"
2859,"[4756, 13672, 3891]"
2860,"[4756, 14349, 13663, 5498]"
2861,"[4710, 5493, 3388]"
2862,"[4710, 12879, 12745]"
2863,"[4710, 12745, 5493]"
2864,"[4710, 12879, 12745]"
2865,"[4703, 4636, 10294, 14311]"
2866,"[4703, 14352, 13628]"
2867,"[4703, 13592, 3925, 14375]"
2868,"[4703, 13675, 6361, 5498]"
2869,"[4674, 14820, 14392, 3925]"
2870,"[4674, 14349, 10294, 3914]"
2871,"[4674, 13675, 14375, 3923]"
2872,"[4674, 13837, 14318, 3922]"
2873,"[4637, 3265, 13056, 14405]"
2874,"[4637, 7407, 15092, 14402]"
2875,"[4637, 13060, 3607, 14315]"
2876,"[4637, 10099, 13647, 14392]"
2877,"[4636, 11386, 5050, 14852]"
2878,"[4636, 5600, 14352, 12930]"
2879,"[4636, 11612, 14844, 6361]"
2880,"[4636, 4361, 13618]"
2881,"[4601, 3268, 14346]"
2882,"[4601, 12932, 14346]"
2883,"[4601, 11521, 14346]"
2884,"[4601, 3245, 14346]"
2885,"[4600, 12930, 14399, 3924]"
2886,"[4600, 13631, 4637, 14402]"
2887,"[4600, 13641, 6361, 3920]"
2888,"[4600, 12930, 3920]"
2889,"[4599, 14384, 3891]"
2890,"[4599, 3891, 14820, 14381]"
2891,"[4599, 13666, 14399, 4636]"
2892,"[4599, 14412, 8114, 3915]"
2893,"[4505, 11695, 6394, 4761]"
2894,"[4505, 6394, 14333]"
2895,"[4505, 11695, 3279, 4761]"
2896,"[4505, 11695, 4761, 11526]"
2897,"[4504, 14378, 14402, 3925]"
2898,"[4504, 10202, 4636, 14370]"
2899,"[4504, 13647, 3891, 14405]"
2900,"[4504, 14392, 3920, 10205]"
2901,"[4361, 14321, 7715, 12897]"
2902,"[4361, 3595, 7715, 14399]"
2903,"[4361, 13612, 3920, 14392]"
2904,"[4361, 12930, 14375, 5498]"
2905,"[4360, 11521, 14346]"
2906,"[4360, 6631, 14346]"
2907,"[4360, 10291, 14346]"
2908,"[4360, 6631, 14346]"
2909,"[4097, 5046, 13669, 4637]"
2910,"[4097, 14318, 12952, 3923]"
2911,"[4097, 13641, 3923, 14318]"
2912,"[4097, 3916, 13625, 14396]"
2913,"[3925, 8952, 14370, 14823]"
2914,"[3925, 14104, 3265]"
2915,"[3925, 3177, 13834]"
2916,"[3925, 13050, 13612, 14355]"
2917,"[3924, 14933, 13592, 14387]"
2918,"[3924, 13638, 3213]"
2919,"[3924, 8952, 14835, 14355]"
2920,"[3924, 14396, 13240, 14846]"
2921,"[3923, 3595, 15016, 14392]"
2922,"[3923, 12472, 12901]"
2923,"[3923, 13599, 14405, 13161]"
2924,"[3923, 13596, 5050, 14130]"
2925,"[3922, 15036, 3595]"
2926,"[3922, 5990, 13631, 14315]"
2927,"[3922, 12494, 14370, 13675]"
2928,"[3922, 14392, 13631, 13053]"
2929,"[3921, 11651, 12952, 14412]"
2930,"[3921, 15100, 14392]"
2931,"[3921, 13644, 4703, 5050]"
2932,"[3921, 8952, 5046, 13669]"
2933,"[3920, 4986, 3595, 14396]"
2934,"[3920, 14104, 7407, 14370]"
2935,"[3920, 13258, 14396, 10288]"
2936,"[3920, 14762, 3607, 14352]"
2937,"[3917, 4097, 7407, 14405]"
2938,"[3917, 13625, 13050]"
2939,"[3917, 13823, 14392, 3421]"
2940,"[3917, 13220, 14375]"
2941,"[3916, 13060, 10205, 14408]"
2942,"[3916, 5986, 14381, 14378]"
2943,"[3916, 15092, 14830, 14375]"
2944,"[3916, 13592, 13032, 14387]"
2945,"[3915, 13628, 14699, 14412]"
2946,"[3915, 13354, 14852, 14355]"
2947,"[3915, 14473, 13631, 5051]"
2948,"[3915, 14933, 13823, 14405]"
2949,"[3914, 14405, 13174, 13672]"
2950,"[3914, 12901, 14321, 14699]"
2951,"[3914, 14480, 7407]"
2952,"[3914, 12930, 14814, 14318]"
2953,"[3891, 4600, 5046]"
2954,"[3891, 13541, 12952, 14412]"
2955,"[3891, 12873, 3857, 14387]"
2956,"[3891, 10297, 13423, 14349]"
2957,"[3873, 14387, 13669, 3891]"
2958,"[3873, 12873, 14405, 3915]"
2959,"[3873, 13612, 14405, 3915]"
2960,"[3873, 7407, 3891, 14408]"
2961,"[3857, 11530, 14384, 3920]"
2962,"[3857, 13669, 4637, 14349]"
2963,"[3857, 10294, 5051, 3925]"
2964,"[3857, 12897, 3925, 14328]"
2965,"[3803, 3268, 14346]"
2966,"[3803, 12932, 14346]"
2967,"[3803, 3268, 14346]"
2968,"[3803, 3245, 14346]"
2969,"[3788, 12867, 3373]"
2970,"[3788, 12867, 3359]"
2971,"[3788, 3372, 12885]"
2972,"[3788, 3373, 13717]"
2973,"[3777, 14087, 13717]"
2974,"[3777, 13087, 12937]"
2975,"[3777, 14773, 12885]"
2976,"[3777, 13133, 12891]"
2977,"[3607, 14130, 14355, 3916]"
2978,"[3607, 3213, 4637, 14349]"
2979,"[3607, 14375, 13258, 4636]"
2980,"[3607, 15100, 14311, 3917]"
2981,"[3604, 9158, 14412, 3920]"
2982,"[3604, 3921, 11622, 14412]"
2983,"[3604, 3421, 14408, 3915]"
2984,"[3604, 14392, 14909, 3915]"
2985,"[3597, 11436, 5051, 3914]"
2986,"[3597, 6361, 6358, 5498]"
2987,"[3597, 14367, 13305, 7715]"
2988,"[3597, 11643, 3915, 5046]"
2989,"[3595, 14355, 4600]"
2990,"[3595, 14367, 3418, 4636]"
2991,"[3595, 15062, 14412, 3891]"
2992,"[3595, 3873, 3915, 14318]"
2993,"[3590, 12925, 14346]"
2994,"[3590, 11521, 14346]"
2995,"[3590, 3268, 14346]"
2996,"[3590, 3268, 14346]"
2997,"[3584, 6631, 14346]"
2998,"[3584, 10291, 14346]"
2999,"[3584, 3245, 14346]"
3000,"[3584, 14826, 14346]"
3001,"[3574, 13765, 13947, 14659, 12778]"
3002,"[3574, 13920, 14669]"
3003,"[3574, 12681, 14682]"
3004,"[3574, 13759, 13798, 14662, 12778]"
3005,"[3572, 13790, 13784, 12778, 14669]"
3006,"[3572, 13960, 14669, 13765, 12778]"
3007,"[3572, 13831, 14669, 13784]"
3008,"[3572, 13795, 14685, 13787, 12778]"
3009,"[3542, 14326, 3243, 4758]"
3010,"[3542, 4758, 11529]"
3011,"[3542, 4758, 3243, 14326]"
3012,"[3542, 11529, 4758, 14326]"
3013,"[3531, 14326, 4758, 11529]"
3014,"[3531, 4758, 3243, 14326]"
3015,"[3531, 3243, 14326, 4758]"
3016,"[3531, 3243, 14326, 4758]"
3017,"[3529, 14326, 11529, 4758]"
3018,"[3529, 3243, 14326, 4758]"
3019,"[3529, 4758, 11529]"
3020,"[3529, 3243, 14326, 4758]"
3021,"[3519, 4761, 14333, 3279]"
3022,"[3519, 14333, 6394, 4761]"
3023,"[3519, 6394, 4761]"
3024,"[3519, 11695, 11526, 4761]"
3025,"[3513, 11695, 3279, 4761]"
3026,"[3513, 14333, 6394, 4761]"
3027,"[3513, 6394, 14333]"
3028,"[3513, 11695, 6394, 4761]"
3029,"[3510, 4761, 11526, 14333]"
3030,"[3510, 6394, 11695, 4761]"
3031,"[3510, 6394, 11695, 4761]"
3032,"[3510, 4761, 14333, 3279]"
3033,"[3508, 13675, 14375, 3925]"
3034,"[3508, 14352, 12897, 3916]"
3035,"[3508, 13592, 14412]"
3036,"[3508, 13660, 14399, 3914]"
3037,"[3506, 10205, 3916, 14399]"
3038,"[3506, 10206, 5050, 3925]"
3039,"[3506, 13660, 14318, 3920]"
3040,"[3506, 13612, 14396, 3891]"
3041,"[3504, 14396, 14378]"
3042,"[3504, 3923, 13599, 14375]"
3043,"[3504, 14349, 3920, 13672]"
3044,"[3504, 14835, 14412, 3921]"
3045,"[3500, 14820, 14349, 3921]"
3046,"[3500, 14378, 3914]"
3047,"[3500, 14378, 3914]"
3048,"[3500, 12873, 14387, 3917]"
3049,"[3494, 14387, 3917, 3604]"
3050,"[3494, 14370, 12873]"
3051,"[3494, 10202, 14405, 3925]"
3052,"[3494, 14839, 14328, 3923]"
3053,"[3488, 13592, 14384, 3916]"
3054,"[3488, 13669, 14384, 3923]"
3055,"[3488, 14321, 3607, 3921]"
3056,"[3488, 5046, 3595, 5498]"
3057,"[3486, 8114, 3891, 14352]"
3058,"[3486, 3916, 13599]"
3059,"[3486, 3923, 12873, 5050]"
3060,"[3486, 10298, 14367, 3920]"
3061,"[3483, 5050, 3917, 13837]"
3062,"[3483, 13622, 3916, 5051]"
3063,"[3483, 14375, 12901]"
3064,"[3483, 14820, 14352, 4636]"
3065,"[3479, 12882, 5498, 14321]"
3066,"[3479, 12897, 14412, 3917]"
3067,"[3479, 13847, 14408, 4636]"
3068,"[3479, 12952, 14402]"
3069,"[3423, 12932, 14346]"
3070,"[3423, 12925, 14346]"
3071,"[3423, 3245, 14346]"
3072,"[3423, 14346, 12925]"
3073,"[3421, 5498, 13620, 5050]"
3074,"[3421, 14839, 14387, 3914]"
3075,"[3421, 4636, 13612]"
3076,"[3421, 10206, 14311]"
3077,"[3420, 13672, 3920, 14311]"
3078,"[3420, 13631, 14381, 7715]"
3079,"[3420, 13622, 14355, 3925]"
3080,"[3420, 13647, 14367, 3922]"
3081,"[3419, 10291, 14346]"
3082,"[3419, 3268, 14346]"
3083,"[3419, 14826, 14346]"
3084,"[3419, 10195, 14346]"
3085,"[3418, 7715, 13672, 14355]"
3086,"[3418, 14311, 12882, 3891]"
3087,"[3418, 3921, 12907, 14367]"
3088,"[3418, 13612, 14402, 3921]"
3089,"[3417, 10208, 3922, 14375]"
3090,"[3417, 13669, 14355, 3925]"
3091,"[3417, 14355, 14823, 4636]"
3092,"[3417, 10202, 14396]"
3093,"[3388, 13107, 12876]"
3094,"[3388, 4710, 12862]"
3095,"[3388, 12862, 15076]"
3096,"[3388, 14464, 12904]"
3097,"[3386, 13127, 5493]"
3098,"[3386, 12904, 13282]"
3099,"[3386, 12437, 12862]"
3100,"[3386, 5077, 5493]"
3101,"[3376, 12602, 12904]"
3102,"[3376, 13262, 12934]"
3103,"[3376, 12597, 12876]"
3104,"[3376, 14235, 12862]"
3105,"[3375, 14231, 13717]"
3106,"[3375, 14231, 12891]"
3107,"[3375, 14192, 12910]"
3108,"[3375, 14197, 12867]"
3109,"[3374, 12867, 3373]"
3110,"[3374, 12937, 3373]"
3111,"[3374, 12910, 3375]"
3112,"[3374, 3373, 12940]"
3113,"[3373, 13320, 12891]"
3114,"[3373, 14586, 12867]"
3115,"[3373, 14192, 12940]"
3116,"[3373, 13416, 12937]"
3117,"[3372, 14599, 13717]"
3118,"[3372, 12621, 12937]"
3119,"[3372, 12468, 12867]"
3120,"[3372, 12910, 14773]"
3121,"[3359, 8384, 12885]"
3122,"[3359, 14470, 12885]"
3123,"[3359, 14214, 12940]"
3124,"[3359, 14214, 12867]"
3125,"[3279, 4761, 4505]"
3126,"[3279, 6354, 11695]"
3127,"[3279, 6357, 11695, 4761]"
3128,"[3279, 6357, 11695, 4761]"
3129,"[3268, 5967, 14346]"
3130,"[3268, 6399, 14346]"
3131,"[3268, 14346, 11522]"
3132,"[3268, 11624, 14346]"
3133,"[3265, 12978, 3925, 14355]"
3134,"[3265, 13184, 3914, 14370]"
3135,"[3265, 11612, 14402, 3915]"
3136,"[3265, 13050, 3923, 14352]"
3137,"[3247, 10104, 14346]"
3138,"[3247, 11442, 14346]"
3139,"[3247, 5982, 14346]"
3140,"[3247, 11522, 14346]"
3141,"[3245, 5983, 14346]"
3142,"[3245, 11520, 14346]"
3143,"[3245, 11641, 14346]"
3144,"[3245, 10100, 14346]"
3145,"[3243, 4758, 3542, 14326]"
3146,"[3243, 3542, 4758, 14326]"
3147,"[3243, 14326, 3542, 4758]"
3148,"[3243, 4758, 3542, 14326]"
3149,"[3213, 3604, 3915, 14399]"
3150,"[3213, 14820, 5050, 3925]"
3151,"[3213, 14321, 13834, 3923]"
3152,"[3213, 14370, 13834]"
3153,"[3177, 12930, 14321]"
3154,"[3177, 14311, 14844, 5498]"
3155,"[3177, 11530, 3920, 14370]"
3156,"[3177, 14399, 11530]"
