order_id,order_date,product_id,quantity,line_total
13986,2025-08-18T06:31:26,13316,1,5868.03
13986,2025-08-18T06:31:26,11520,1,3069.9
13986,2025-08-18T06:31:26,13834,1,992.3
13986,2025-08-18T06:31:26,13844,1,1037.45
13985,2025-08-18T04:11:30,10294,1,1261.17
13983,2025-08-17T18:08:47,11442,1,6319.49
13982,2025-08-17T17:09:11,12690,1,1985.5
13981,2025-08-17T14:02:14,3873,1,4965.12
13979,2025-08-17T07:32:17,3177,1,4465.05
13978,2025-08-17T07:02:35,10103,1,4505.53
13978,2025-08-17T07:02:35,13823,1,1083.5
13978,2025-08-17T07:02:35,13727,1,1625.24
13973,2025-08-16T23:51:24,12919,1,1940.78
13932,2025-08-16T13:56:54,13622,1,1308.32
13932,2025-08-16T13:56:54,11435,1,2707.83
13932,2025-08-16T13:56:54,11436,1,2257.28
13931,2025-08-16T13:12:54,4986,1,3024.76
13929,2025-08-16T09:07:48,3504,1,4424.27
13928,2025-08-16T06:18:40,3916,1,2699.71
13927,2025-08-15T18:00:49,11435,1,2707.83
13926,2025-08-15T15:39:23,13077,1,7222.4
13924,2025-08-15T10:58:20,10100,1,2618.45
13923,2025-08-15T10:47:33,12817,1,8956.31
13919,2025-08-15T07:29:44,12733,1,2436.96
13918,2025-08-14T20:54:38,13210,1,3610.75
13917,2025-08-14T14:05:25,12943,1,775.73
13913,2025-08-14T06:57:36,5985,1,5236.89
13904,2025-08-13T14:56:41,13071,1,2426.21
13881,2025-08-13T05:08:08,13727,1,1625.24
13880,2025-08-13T03:46:58,3925,1,2330.1
13880,2025-08-13T03:46:58,13618,1,1212.62
13852,2025-08-12T11:22:01,9701,1,3385.92
13819,2025-08-11T13:32:26,12943,1,721.43
13818,2025-08-11T09:37:33,12738,1,2358.35
13812,2025-08-10T19:41:42,12693,1,1921.46
13812,2025-08-10T19:41:42,12745,1,2358.35
13809,2025-08-10T13:38:46,13731,1,1572.82
13809,2025-08-10T13:38:46,13717,1,1572.82
13808,2025-08-10T13:23:18,11521,1,1048.54
13808,2025-08-10T13:23:18,3243,1,1047.67
13806,2025-08-10T10:47:53,12781,1,2533.11
13806,2025-08-10T10:47:53,12813,1,2533.11
13799,2025-08-09T16:47:09,12654,1,1921.46
13752,2025-08-09T11:44:01,7390,1,1660.19
13751,2025-08-09T09:35:06,12693,1,1921.46
13750,2025-08-08T14:36:00,13272,1,11795.24
13734,2025-08-08T11:17:41,13150,1,3232.14
13724,2025-08-08T08:34:21,13346,1,5868.03
13723,2025-08-07T16:55:00,12483,1,2346.67
13722,2025-08-07T14:49:15,9661,1,2708.74
13716,2025-08-06T12:40:18,12660,1,2134.95
13714,2025-08-06T08:54:18,12483,1,2346.67
13713,2025-08-05T18:38:57,13206,1,3397.09
13712,2025-08-05T16:58:48,3419,1,9480.58
13711,2025-08-05T16:06:59,13123,1,3882.52
13707,2025-08-05T09:15:36,12888,1,1804.92
13707,2025-08-05T09:15:36,7390,1,1715.53
13706,2025-08-04T16:38:02,12690,1,2134.95
13704,2025-08-04T13:19:52,13330,1,5597.16
13702,2025-08-04T11:38:43,13342,1,5687.45
13701,2025-08-04T10:56:43,11442,1,6319.49
13697,2025-08-03T18:59:20,3873,1,4965.12
13696,2025-08-03T18:47:59,12548,1,6319.49
13695,2025-08-03T12:10:34,11442,1,6319.49
13694,2025-08-03T10:49:28,13100,1,7222.4
13693,2025-08-03T04:04:35,12648,1,2037.86
13691,2025-08-02T18:23:43,11442,1,6319.49
13690,2025-08-02T15:44:26,10211,1,1172.88
13688,2025-08-02T02:59:25,12630,1,1804.92
13687,2025-08-01T19:35:30,4986,1,3024.76
13686,2025-08-01T09:49:46,12669,1,2134.95
13683,2025-08-01T06:37:29,3595,1,1649.51
13682,2025-08-01T01:34:41,3788,1,18870.87
13681,2025-07-31T22:04:48,12669,1,2134.95
13680,2025-07-31T14:20:19,13144,1,2707.83
13679,2025-07-31T13:54:36,12693,1,1985.5
13678,2025-07-31T10:26:30,10101,1,4514.56
13678,2025-07-31T10:26:30,3529,1,5507.77
13568,2025-07-30T09:59:12,6394,1,812.62
13515,2025-07-28T02:02:28,11442,1,6319.49
13515,2025-07-28T02:02:28,10195,1,1127.74
13514,2025-07-27T14:09:41,12654,1,2134.95
13513,2025-07-27T13:35:20,8952,1,4243.69
13512,2025-07-27T13:12:04,3245,1,677.18
13509,2025-07-27T08:10:37,3873,1,4695.15
13508,2025-07-26T18:11:28,5983,1,4966.02
13507,2025-07-26T15:01:51,12494,1,4965.12
13506,2025-07-26T14:57:12,10100,1,2618.45
13506,2025-07-26T14:57:12,3279,1,586.89
13504,2025-07-26T10:34:50,12455,1,3339.87
13503,2025-07-26T09:28:38,10100,1,2618.45
13502,2025-07-26T09:21:26,12687,1,2134.95
13502,2025-07-26T09:21:26,11436,1,2427.18
13501,2025-07-26T05:48:19,12508,1,3689.32
13496,2025-07-25T18:44:22,12998,1,3159.29
13492,2025-07-25T11:12:25,11896,1,14437.57
13492,2025-07-25T11:12:25,11911,1,12189.32
13492,2025-07-25T11:12:25,13380,1,0.0
13492,2025-07-25T11:12:25,3213,1,7222.4
13492,2025-07-25T11:12:25,13286,1,4965.12
13492,2025-07-25T11:12:25,13423,1,4333.08
13487,2025-07-25T11:01:07,3508,1,9020.1
13486,2025-07-25T10:54:39,12813,2,5235.09
13486,2025-07-25T10:54:39,13380,1,0.0
13486,2025-07-25T10:54:39,12847,1,5416.57
13486,2025-07-25T10:54:39,10107,1,17155.34
13486,2025-07-25T10:54:39,3519,1,8216.5
13486,2025-07-25T10:54:39,7391,1,1805.83
13486,2025-07-25T10:54:39,7390,1,1715.53
13486,2025-07-25T10:54:39,13050,2,25279.75
13486,2025-07-25T10:54:39,3574,1,3521.36
13486,2025-07-25T10:54:39,3265,1,1625.24
13481,2025-07-25T08:29:53,10100,2,5236.89
13478,2025-07-25T04:42:02,12983,1,2436.96
13477,2025-07-25T02:57:19,11152,1,4965.12
13476,2025-07-24T23:27:46,12998,1,3397.09
13470,2025-07-24T11:03:39,8114,1,1456.31
13469,2025-07-24T04:03:09,11526,1,1456.31
13469,2025-07-24T04:03:09,11528,1,1456.31
13468,2025-07-23T15:41:39,12660,1,2134.95
13463,2025-07-23T11:00:44,10791,1,10679.61
13461,2025-07-23T04:16:55,12445,1,6309.71
13460,2025-07-23T03:32:21,12729,1,2620.39
13459,2025-07-23T02:18:43,12993,1,2620.39
13458,2025-07-22T12:07:07,6358,1,10194.17
13457,2025-07-22T12:04:04,4756,1,5338.83
13456,2025-07-22T07:51:13,12913,1,1940.78
13437,2025-07-21T10:29:59,12693,1,2028.2
13415,2025-07-20T04:02:36,5994,1,3495.15
13414,2025-07-20T03:28:44,4710,1,7377.67
13412,2025-07-19T14:06:19,3574,1,3786.41
13411,2025-07-19T13:08:47,10205,1,1261.17
13410,2025-07-19T06:27:54,12437,1,5338.83
13408,2025-07-19T04:31:20,4986,1,3252.43
13403,2025-07-19T00:13:23,4761,1,2911.65
13403,2025-07-19T00:13:23,3245,1,728.16
13403,2025-07-19T00:13:23,3243,1,1164.08
13402,2025-07-18T11:16:02,12952,1,678.64
13400,2025-07-18T07:40:19,10298,1,1261.17
13399,2025-07-18T07:36:28,5982,1,5339.81
13399,2025-07-18T07:36:28,5049,1,4368.93
13391,2025-07-18T03:55:06,3419,1,10194.17
13388,2025-07-17T09:06:11,10791,1,10679.61
13388,2025-07-17T09:06:11,3519,1,8834.95
13388,2025-07-17T09:06:11,13378,1,0.0
13388,2025-07-17T09:06:11,11524,1,10679.61
13385,2025-07-16T08:50:01,12460,1,3785.44
13299,2025-07-15T15:38:28,3873,1,5048.54
13252,2025-07-15T14:02:12,12943,1,775.73
13139,2025-07-15T04:07:56,11643,1,8640.78
13021,2025-07-14T02:34:19,6631,1,1116.5
13019,2025-07-13T20:46:36,12943,1,775.73
13018,2025-07-13T16:57:14,12669,1,2134.95
13018,2025-07-13T16:57:14,12952,1,678.64
13016,2025-07-12T11:04:07,12430,1,3882.52
13015,2025-07-12T09:12:31,3488,1,10194.17
13015,2025-07-12T09:12:31,5865,1,18349.51
13015,2025-07-12T09:12:31,11442,1,6795.15
13011,2025-07-12T06:51:43,12644,1,2199.0
12352,2025-06-12T07:33:57,6631,1,1116.5
12351,2025-06-12T05:37:30,10204,1,1151.99
12351,2025-06-12T05:37:30,10195,1,1151.99
12351,2025-06-12T05:37:30,11530,1,645.63
12351,2025-06-12T05:37:30,3279,1,599.51
12346,2025-06-09T05:19:30,6631,1,1116.5
12343,2025-05-31T14:48:41,11152,1,5071.89
12337,2025-05-18T13:09:21,3915,1,2524.27
12335,2025-05-18T05:58:16,10099,1,7379.56
12330,2025-05-17T18:03:15,9634,1,10145.63
12329,2025-05-17T16:00:02,3873,1,4796.12
12327,2025-05-17T11:08:34,11436,1,2305.83
12326,2025-05-16T18:16:07,4986,1,3089.81
12325,2025-05-16T16:01:03,10105,1,12621.36
12284,2025-05-16T08:27:42,11436,1,2305.83
12151,2025-05-06T13:10:23,9701,1,3640.78
12150,2025-05-06T06:11:18,10100,1,2674.76
12150,2025-05-06T06:11:18,10120,1,3597.09
12148,2025-05-05T17:48:09,6224,1,5072.82
12147,2025-05-05T17:20:41,10791,1,10679.61
12145,2025-05-05T13:39:47,4636,1,2398.06
12145,2025-05-05T13:39:47,11208,1,11529.13
12144,2025-05-05T13:22:52,0,1,6455.39
12143,2025-05-05T12:54:22,3517,1,13742.72
12142,2025-05-05T08:17:32,3486,1,3106.8
12134,2025-05-05T05:22:25,7384,1,2490.29
12133,2025-05-04T15:01:27,11613,1,7378.64
12132,2025-05-04T12:58:54,7327,1,1659.27
12132,2025-05-04T12:58:54,3607,1,1567.96
12131,2025-05-04T10:02:43,3873,1,4796.12
12130,2025-05-04T08:33:31,4181,1,1359.22
12128,2025-05-03T14:47:56,10104,1,15587.38
12127,2025-05-03T13:37:32,0,1,7766.02
12126,2025-05-03T09:50:18,9175,1,13373.79
12125,2025-05-03T05:02:40,3873,1,5048.54
12124,2025-05-02T12:19:27,11643,1,8208.74
12121,2025-05-02T07:05:02,4181,1,1291.26
12120,2025-05-02T06:44:44,9701,1,3458.74
12119,2025-05-02T06:42:50,5994,1,3320.39
12118,2025-05-02T04:17:42,0,1,17432.04
12117,2025-05-01T21:19:10,10116,1,11713.59
12116,2025-05-01T14:56:35,5046,1,1796.12
12115,2025-05-01T14:50:05,10211,1,1198.11
12114,2025-05-01T14:49:54,3486,1,2951.46
12114,2025-05-01T14:49:54,5051,1,2305.83
12112,2025-05-01T11:49:18,5994,1,3320.39
12111,2025-05-01T06:11:59,8427,1,3227.23
12110,2025-05-01T05:29:13,10665,1,5626.21
12109,2025-05-01T04:29:45,3873,1,5048.54
12108,2025-04-30T12:11:59,10189,1,1212.62
12107,2025-04-30T11:55:32,4097,1,5165.05
12106,2025-04-30T11:44:45,4504,1,11529.13
12105,2025-04-30T11:34:30,8114,1,1383.5
12104,2025-04-30T08:39:32,10205,1,1198.11
12103,2025-04-30T05:56:14,5994,1,3320.39
12102,2025-04-30T05:52:46,3419,1,9684.47
12101,2025-04-30T02:23:17,5508,1,3135.92
12100,2025-04-29T17:41:15,0,1,5071.89
12099,2025-04-29T16:17:17,3420,1,5995.15
12098,2025-04-28T17:13:51,3479,1,1743.2
12097,2025-04-27T16:21:58,7327,1,1659.27
12097,2025-04-27T16:21:58,10290,1,1198.11
12096,2025-04-27T11:30:15,0,1,5071.89
12095,2025-04-27T08:28:32,5994,1,3320.39
12094,2025-04-27T04:56:09,4194,1,1067.96
12093,2025-04-26T05:27:17,5498,1,5727.18
12091,2025-04-25T16:01:24,3873,1,5048.54
12090,2025-04-25T12:39:44,11520,1,3135.92
12089,2025-04-25T09:29:40,3577,1,3504.85
12088,2025-04-25T08:45:38,6074,1,6456.31
12087,2025-04-25T07:33:08,3504,1,4519.42
12086,2025-04-24T19:09:10,8114,1,1456.31
12085,2025-04-24T16:41:00,8427,1,3227.23
12084,2025-04-24T14:14:00,10104,1,15587.38
12083,2025-04-24T12:55:02,5985,1,5349.51
12082,2025-04-24T11:30:58,3502,1,5072.82
12082,2025-04-24T11:30:58,11530,1,645.63
12078,2025-04-23T18:42:44,3177,1,4241.8
12075,2025-04-23T11:03:24,5994,1,3495.15
12074,2025-04-23T09:09:16,0,1,3320.39
12073,2025-04-23T05:27:23,8417,1,13373.79
12072,2025-04-23T04:15:42,5994,1,3320.39
12071,2025-04-22T10:27:34,0,1,5440.83
12069,2025-04-21T17:28:20,11435,1,2911.65
12064,2025-04-21T08:52:09,4674,1,4796.12
12061,2025-04-21T06:14:44,5994,1,3320.39
12060,2025-04-21T06:00:11,11896,1,14748.06
12059,2025-04-20T16:28:04,3177,1,4241.8
12058,2025-04-20T16:27:23,11442,1,6455.39
12057,2025-04-20T14:05:20,6358,1,9684.47
12057,2025-04-20T14:05:20,3521,1,6455.39
12055,2025-04-20T09:52:17,0,1,16601.02
12054,2025-04-20T06:53:35,11836,1,10145.63
12052,2025-04-19T16:32:31,6631,1,1060.68
12050,2025-04-19T09:12:45,3873,1,4796.12
12050,2025-04-19T09:12:45,11880,1,10145.63
12049,2025-04-19T09:06:07,8427,1,3227.23
12048,2025-04-19T07:26:20,0,1,4887.43
12045,2025-04-18T17:29:31,6399,1,11529.13
12044,2025-04-18T15:17:11,3891,1,3009.71
12040,2025-04-18T06:40:33,8114,1,1383.5
12039,2025-04-18T05:49:12,5994,1,3320.39
12038,2025-04-17T16:55:41,5994,1,3320.39
12037,2025-04-17T12:05:24,3421,1,13927.18
12034,2025-04-17T04:05:05,7715,1,5727.18
12030,2025-04-16T06:14:42,4637,1,2523.3
12029,2025-04-16T05:33:22,3421,1,13927.18
12028,2025-04-15T15:09:54,6399,1,11529.13
12027,2025-04-15T14:56:24,5997,1,6455.39
12026,2025-04-15T12:11:29,6358,1,9684.47
12025,2025-04-15T10:50:59,3504,1,4519.42
12023,2025-04-14T15:26:46,11532,1,1567.96
12022,2025-04-14T13:26:56,8952,1,4334.95
12021,2025-04-14T11:48:36,7327,1,1659.27
12020,2025-04-13T17:14:29,4710,1,7008.79
12019,2025-04-13T16:51:10,5967,1,6175.0
12018,2025-04-13T13:42:07,5994,1,3320.39
12017,2025-04-13T13:27:59,3423,1,17524.27
12015,2025-04-13T10:37:17,7309,1,1382.57
12015,2025-04-13T10:37:17,11521,1,1106.8
12015,2025-04-13T10:37:17,3245,1,691.75
12015,2025-04-13T10:37:17,10289,1,1151.99
12014,2025-04-13T09:40:07,4986,1,3089.81
12014,2025-04-13T09:40:07,7327,1,1659.27
12012,2025-04-13T08:28:58,8427,1,3227.23
11994,2025-04-12T15:21:31,10103,1,4602.43
11993,2025-04-12T13:45:34,4194,1,1067.96
11991,2025-04-12T03:44:36,0,1,1659.27
11990,2025-04-11T13:16:09,6121,1,3504.85
11990,2025-04-11T13:16:09,6361,1,4703.88
11989,2025-04-11T10:31:26,5994,1,3320.39
11988,2025-04-11T09:38:55,4983,1,2330.1
11987,2025-04-11T08:59:37,5994,1,3495.15
11986,2025-04-11T08:12:12,11436,1,2305.83
11986,2025-04-11T08:12:12,11526,1,1383.5
11985,2025-04-11T07:36:53,11642,1,4150.49
11984,2025-04-11T07:00:31,5994,1,3320.39
11983,2025-04-11T06:46:12,10100,1,2674.76
11982,2025-04-11T05:35:00,7781,1,5727.18
11981,2025-04-11T05:31:37,11895,1,6917.48
11980,2025-04-10T15:41:53,6224,1,5072.82
11978,2025-04-10T09:55:57,0,1,12135.92
11969,2025-04-10T06:41:00,5994,1,3495.15
11968,2025-04-10T06:33:01,3420,1,5995.15
11966,2025-04-09T18:37:16,8952,1,4334.95
11965,2025-04-09T17:47:41,3420,1,6310.68
11964,2025-04-09T17:45:35,5994,1,3320.39
11963,2025-04-09T17:23:35,3577,1,3689.32
11963,2025-04-09T17:23:35,7391,1,1941.75
11962,2025-04-09T16:19:16,0,1,13834.03
11962,2025-04-09T16:19:16,0,1,12911.7
11961,2025-04-09T14:50:36,6361,1,4703.88
11960,2025-04-09T07:25:44,6121,1,3689.32
11958,2025-04-08T18:11:45,5994,1,3320.39
11957,2025-04-08T14:41:18,0,1,5533.06
11954,2025-04-08T04:23:34,5994,1,3320.39
11953,2025-04-07T11:53:14,0,1,6455.39
11948,2025-04-06T15:32:07,3873,1,4796.12
11948,2025-04-06T15:32:07,0,1,5994.22
11948,2025-04-06T15:32:07,4333,1,5533.06
11947,2025-04-06T12:43:15,3318,1,2121.36
11947,2025-04-06T12:43:15,7384,1,2490.29
11946,2025-04-06T11:13:29,5983,1,5072.82
11945,2025-04-06T10:47:29,0,1,4519.42
11944,2025-04-06T05:58:20,3420,1,5995.15
11942,2025-04-05T12:42:48,7327,1,1746.6
11941,2025-04-05T11:41:49,5994,1,3320.39
11940,2025-04-05T09:57:02,3177,1,4241.8
11938,2025-04-05T07:31:15,11435,1,2911.65
11938,2025-04-05T07:31:15,11530,1,679.61
11937,2025-04-05T03:53:20,3513,1,3689.32
11936,2025-04-05T03:50:27,11436,2,4611.65
11935,2025-04-05T03:45:27,11152,1,5071.89
11934,2025-04-05T03:42:24,11642,1,4150.49
11933,2025-04-05T03:35:18,11895,1,6917.48
11932,2025-04-05T03:27:42,5085,1,15587.38
11931,2025-04-05T03:23:29,10100,1,2674.76
11931,2025-04-05T03:23:29,11532,1,1567.96
11930,2025-04-05T02:49:32,10122,1,8300.97
11927,2025-04-04T18:42:27,4916,1,2213.59
11927,2025-04-04T18:42:27,0,1,2444.17
11927,2025-04-04T18:42:27,4983,1,2213.59
11925,2025-04-04T08:34:19,3420,1,5995.15
11924,2025-04-04T06:02:10,3788,1,20291.26
11923,2025-04-03T16:50:15,6631,1,1060.68
11923,2025-04-03T16:50:15,10196,1,1244.22
11923,2025-04-03T16:50:15,10192,1,1151.99
11923,2025-04-03T16:50:15,5597,1,7285.49
11923,2025-04-03T16:50:15,3891,1,2859.22
11923,2025-04-03T16:50:15,10208,1,1151.99
11922,2025-04-03T16:22:57,11436,1,2305.83
11917,2025-04-03T07:45:14,3502,1,5072.82
11914,2025-04-01T12:48:34,3177,1,4241.8
11910,2025-04-01T08:04:49,5050,1,2674.76
11909,2025-04-01T04:30:02,10104,1,15587.38
11907,2025-03-31T10:59:36,3419,1,9684.47
11906,2025-03-30T13:46:44,3479,1,1743.2
11905,2025-03-30T10:05:32,11530,1,645.63
11904,2025-03-29T12:18:24,11152,2,10677.67
11888,2025-03-29T06:40:12,3479,1,1743.2
11887,2025-03-29T04:57:13,0,1,13742.72
11886,2025-03-29T04:54:01,6365,1,11898.06
11884,2025-03-28T21:22:03,4194,1,1014.56
11883,2025-03-28T13:13:53,3920,1,2213.59
11882,2025-03-28T13:00:16,5994,1,3320.39
11874,2025-03-28T08:11:26,0,1,6309.71
11871,2025-03-28T05:45:27,6121,2,7378.64
11870,2025-03-27T15:25:27,0,1,5071.89
11867,2025-03-27T10:28:52,11702,1,3688.4
11866,2025-03-27T09:02:21,10107,1,18446.6
11863,2025-03-25T14:29:47,4703,1,17984.51
11863,2025-03-25T14:29:47,0,1,10145.63
11863,2025-03-25T14:29:47,9015,1,23057.33
11862,2025-03-25T13:59:27,9715,1,7377.72
11861,2025-03-25T10:28:45,3479,1,1834.95
11860,2025-03-25T07:20:12,0,1,14077.67
11859,2025-03-25T05:52:45,4194,1,1014.56
11852,2025-03-24T02:35:58,0,1,5071.89
11851,2025-03-23T15:49:50,3419,1,10194.17
11850,2025-03-23T15:25:40,5994,1,3495.15
11849,2025-03-23T13:38:03,11436,1,2305.83
11848,2025-03-23T12:25:26,5050,1,2674.76
11847,2025-03-23T12:09:04,9175,1,13373.79
11846,2025-03-23T07:33:58,0,1,5824.27
11845,2025-03-23T02:57:04,0,1,5071.89
11844,2025-03-22T17:12:20,4983,1,2213.59
11843,2025-03-22T15:26:50,3508,1,9699.03
11840,2025-03-22T08:18:45,5498,1,5440.83
11840,2025-03-22T08:18:45,3920,2,4427.18
11840,2025-03-22T08:18:45,5046,1,1706.31
11840,2025-03-22T08:18:45,0,1,5071.89
11839,2025-03-22T07:39:55,6358,1,9684.47
11838,2025-03-21T17:56:58,8417,1,11529.13
11829,2025-03-21T08:45:20,3177,1,4241.8
11825,2025-03-21T06:35:06,3873,1,4796.12
11824,2025-03-21T06:05:17,3177,1,4241.8
11822,2025-03-20T16:09:15,0,1,4757.28
11821,2025-03-20T15:51:04,10189,1,1151.99
11820,2025-03-20T10:22:28,0,1,2912.62
11819,2025-03-20T06:13:52,4637,1,2397.14
11817,2025-03-19T12:10:05,3873,1,4796.12
11814,2025-03-19T07:29:50,0,1,5338.83
11813,2025-03-19T06:12:27,8384,1,12718.45
11812,2025-03-18T15:56:57,3423,1,17524.27
11811,2025-03-18T11:19:34,8795,1,2397.14
11807,2025-03-17T14:04:02,0,1,1060.68
11807,2025-03-17T14:04:02,4193,1,1337.38
11807,2025-03-17T14:04:02,7384,1,2490.29
11807,2025-03-17T14:04:02,7360,1,1290.34
11806,2025-03-16T11:12:32,4194,1,1014.56
11805,2025-03-16T09:32:08,4983,1,2213.59
11805,2025-03-16T09:32:08,0,1,2673.83
11804,2025-03-16T04:30:50,5994,1,3495.15
11803,2025-03-16T03:43:33,4194,1,1014.56
11803,2025-03-16T03:43:33,0,1,1106.8
11802,2025-03-15T16:25:08,7327,1,1659.27
11801,2025-03-15T11:30:06,6394,1,830.1
11800,2025-03-15T09:37:19,4600,1,15533.01
11799,2025-03-14T18:49:42,7329,1,1659.27
11799,2025-03-14T18:49:42,5600,1,7101.02
11798,2025-03-14T18:22:27,3213,1,7377.72
11797,2025-03-14T16:56:30,3479,1,1743.2
11796,2025-03-14T16:54:52,0,1,10145.63
11795,2025-03-14T11:50:47,5994,1,3495.15
11794,2025-03-14T07:42:12,0,1,4519.42
11793,2025-03-14T06:06:41,3483,1,6917.48
11792,2025-03-14T04:41:05,3177,1,4241.8
11790,2025-03-13T20:20:29,3318,1,2121.36
11789,2025-03-13T13:30:38,3177,1,4241.8
11699,2025-03-13T06:17:40,3420,1,5995.15
11698,2025-03-13T05:57:30,5994,1,3320.39
11697,2025-03-12T16:30:44,3177,1,4241.8
11696,2025-03-12T11:55:07,4181,1,1291.26
11696,2025-03-12T11:55:07,5493,1,1567.96
11696,2025-03-12T11:55:07,7295,1,1843.74
11696,2025-03-12T11:55:07,4193,1,1337.38
11693,2025-03-12T06:25:04,3177,1,4241.8
11646,2025-03-11T08:58:04,0,1,5144.66
11644,2025-03-11T06:10:52,10103,1,4844.66
11640,2025-03-10T07:09:37,3533,1,19368.93
11638,2025-03-10T00:15:18,7381,1,2673.83
11638,2025-03-10T00:15:18,4916,1,2213.59
11637,2025-03-09T17:44:35,5984,1,6271.84
11635,2025-03-09T15:45:06,0,1,6447.09
11633,2025-03-09T09:38:44,3479,1,1743.2
11631,2025-03-09T04:31:14,5994,1,3320.39
11629,2025-03-08T05:18:21,0,1,5902.91
11627,2025-03-08T03:21:01,3595,1,2029.13
11621,2025-03-07T10:19:30,3873,1,4796.12
11614,2025-03-06T17:19:09,11436,1,2305.83
11523,2025-03-06T10:36:37,0,1,1013.64
11372,2025-03-03T16:38:21,3873,1,4796.12
11371,2025-03-03T08:43:46,3479,1,1834.95
11369,2025-03-03T01:23:28,0,1,3228.16
11367,2025-03-01T21:00:28,3488,1,9684.47
11366,2025-02-28T12:59:40,0,1,4519.42
11365,2025-02-28T12:48:35,3521,1,6795.15
11354,2025-02-26T05:54:45,3479,1,1743.2
11353,2025-02-25T10:12:33,0,1,4887.43
11352,2025-02-25T08:11:05,4333,1,5533.06
11351,2025-02-25T07:37:57,0,1,4796.12
11349,2025-02-24T13:49:13,8950,1,8640.78
11349,2025-02-24T13:49:13,4097,1,4951.46
11348,2025-02-24T07:02:52,4600,1,14756.36
11347,2025-02-23T17:41:38,5994,1,3320.39
11346,2025-02-23T05:58:08,3318,1,2121.36
11344,2025-02-22T11:40:22,3577,1,3504.85
11304,2025-02-22T05:29:13,3574,1,3597.09
11304,2025-02-22T05:29:13,4505,1,14296.12
11302,2025-02-21T17:35:57,3177,1,4241.8
11301,2025-02-21T15:50:35,6631,1,1116.5
11299,2025-02-21T06:54:13,11152,1,5071.89
11297,2025-02-20T21:16:31,7113,1,10606.8
11296,2025-02-20T14:27:12,3873,1,5048.54
11295,2025-02-20T03:41:54,4703,1,18931.07
11294,2025-02-19T14:30:41,5967,1,6500.0
11292,2025-02-18T03:48:37,4194,1,961.17
11292,2025-02-18T03:48:37,10204,2,2182.72
11291,2025-02-17T06:33:37,5994,1,3495.15
11287,2025-02-17T01:49:26,3502,1,4368.93
11285,2025-02-16T16:10:36,3418,1,15029.13
11285,2025-02-16T16:10:36,10116,1,11097.09
11283,2025-02-16T14:55:41,4986,1,3252.43
11281,2025-02-16T09:56:30,0,1,7281.55
11279,2025-02-15T18:53:04,0,1,1746.6
11279,2025-02-15T18:53:04,4181,1,1359.22
11278,2025-02-15T15:45:04,6073,1,6990.29
11276,2025-02-15T08:51:27,0,1,4805.83
11275,2025-02-15T07:02:30,10099,1,6991.17
11274,2025-02-15T06:35:27,5994,1,3145.63
11273,2025-02-14T18:13:45,4710,1,6639.9
11272,2025-02-14T17:43:52,3595,1,1922.33
11272,2025-02-14T17:43:52,0,1,1091.36
11271,2025-02-14T13:35:00,3577,1,3689.32
11269,2025-02-14T08:41:15,10119,1,13980.58
11268,2025-02-14T07:10:49,8388,1,6116.5
11268,2025-02-14T07:10:49,10121,1,6902.91
11268,2025-02-14T07:10:49,5983,4,19223.3
11267,2025-02-14T05:52:09,4983,1,2330.1
11266,2025-02-13T18:54:23,0,1,4105.92
11260,2025-02-13T08:55:41,0,1,5678.74
11258,2025-02-12T13:11:11,3479,1,1651.46
11257,2025-02-12T12:42:48,7329,1,1571.94
11256,2025-02-12T11:41:13,0,1,4174.76
11255,2025-02-12T08:45:07,10120,1,3786.41
11253,2025-02-12T07:50:36,3504,1,3407.77
11250,2025-02-12T03:48:06,6365,1,10048.54
11249,2025-02-12T03:34:50,10294,1,1135.05
11248,2025-02-11T16:14:04,3420,1,5679.61
11247,2025-02-11T15:29:04,3318,1,2009.71
11246,2025-02-11T13:14:09,8388,1,6796.12
11245,2025-02-11T10:31:20,0,1,6107.77
11244,2025-02-11T09:47:03,5983,1,3932.04
11243,2025-02-11T08:32:37,5984,1,5941.75
11242,2025-02-11T08:08:25,6213,1,6116.5
11240,2025-02-10T17:18:17,5994,1,3145.63
11238,2025-02-10T12:13:09,9700,1,3009.71
11237,2025-02-10T09:41:02,4986,1,2927.18
11236,2025-02-10T07:29:14,11156,1,4804.95
11235,2025-02-10T06:00:10,0,1,5338.83
11234,2025-02-10T03:09:49,0,1,6902.04
11233,2025-02-10T02:57:45,0,1,6989.32
11232,2025-02-10T01:51:57,3479,1,1834.95
11232,2025-02-10T01:51:57,9661,1,2912.62
11229,2025-02-09T10:15:50,10791,1,9611.65
11227,2025-02-09T09:22:07,10104,1,16407.77
11226,2025-02-09T08:57:01,3419,1,9174.76
11225,2025-02-09T04:12:54,4983,1,2097.09
11223,2025-02-08T15:40:02,3479,1,1834.95
11222,2025-02-08T12:40:04,3486,1,2796.12
11212,2025-02-07T17:10:19,0,1,11529.13
11197,2025-02-07T08:20:55,6361,1,4703.88
11196,2025-02-07T05:02:53,3595,1,2135.92
11194,2025-02-06T18:49:57,4097,1,4703.88
11193,2025-02-06T18:34:35,0,1,3966.02
11192,2025-02-06T16:45:58,0,1,3966.02
11191,2025-02-06T03:37:35,4756,1,5071.89
11188,2025-02-05T17:40:33,3510,1,4519.42
11185,2025-02-05T08:22:36,4097,1,4703.88
11184,2025-02-05T07:49:45,4756,1,5071.89
11180,2025-02-05T03:51:46,5994,1,3320.39
11179,2025-02-04T19:53:31,5994,1,3320.39
11178,2025-02-04T19:51:19,0,1,5626.21
11176,2025-02-04T19:03:23,4333,1,5533.06
11176,2025-02-04T19:03:23,0,1,5071.89
11175,2025-02-04T16:10:11,0,1,11990.29
11175,2025-02-04T16:10:11,7781,1,5440.83
11174,2025-02-04T15:18:15,3281,1,1407.77
11174,2025-02-04T15:18:15,4181,1,1359.22
11174,2025-02-04T15:18:15,3577,1,3689.32
11173,2025-02-04T13:55:15,3086,1,7286.41
11172,2025-02-04T12:48:42,3479,1,1743.2
11171,2025-02-04T11:44:27,3420,1,5995.15
11170,2025-02-03T17:08:00,10106,1,16500.49
11169,2025-02-03T15:38:57,5985,1,5349.51
11168,2025-02-03T13:04:46,6358,1,10194.17
11167,2025-02-03T01:33:15,3915,1,2524.27
11167,2025-02-03T01:33:15,3925,1,2330.1
11164,2025-02-02T12:27:30,5082,1,12451.46
11163,2025-02-02T10:34:03,5994,1,3320.39
11162,2025-02-02T07:58:53,4505,1,15048.54
11161,2025-02-02T07:24:55,5994,1,3495.15
11108,2025-01-31T07:01:17,4333,1,5533.06
11107,2025-01-31T06:31:49,8795,1,2397.14
11106,2025-01-31T02:15:20,0,1,5071.89
11105,2025-01-30T08:08:17,0,1,6271.84
11103,2025-01-30T05:39:52,6073,1,7378.64
11103,2025-01-30T05:39:52,4674,1,4796.12
11102,2025-01-29T03:53:38,5994,1,3320.39
11101,2025-01-28T15:36:31,4986,1,3089.81
11100,2025-01-28T15:16:35,7770,1,8208.74
11099,2025-01-28T13:43:56,3595,1,2029.13
11096,2025-01-28T06:35:53,10120,1,3597.09
11095,2025-01-28T05:53:54,3479,1,1834.95
11094,2025-01-27T15:49:13,0,1,4334.03
11093,2025-01-27T10:47:19,0,1,4562.14
11092,2025-01-27T06:55:21,0,1,11898.06
11091,2025-01-27T05:45:17,3479,2,3486.41
11083,2025-01-26T07:39:53,10213,1,1261.17
11079,2025-01-25T15:40:01,4193,1,1337.38
11078,2025-01-25T12:11:42,4983,1,2213.59
11078,2025-01-25T12:11:42,7767,1,2259.71
11077,2025-01-25T10:52:33,4916,2,4660.19
11076,2025-01-25T10:33:01,3873,1,4796.12
11075,2025-01-25T06:59:44,3479,1,1834.95
11070,2025-01-24T05:47:22,4636,1,2524.27
11070,2025-01-24T05:47:22,7113,1,11165.05
11069,2025-01-23T19:43:13,3421,1,14660.19
11068,2025-01-23T15:28:36,6358,1,10194.17
11064,2025-01-22T10:53:28,4986,1,3089.81
11063,2025-01-22T10:44:54,5994,1,3495.15
11037,2025-01-22T03:29:23,3873,1,4796.12
11036,2025-01-21T16:21:45,5508,1,3300.97
11035,2025-01-21T15:21:57,0,1,1746.6
11034,2025-01-21T12:02:10,7767,1,2259.71
11033,2025-01-20T14:35:28,5985,1,5349.51
11032,2025-01-20T10:42:10,3891,1,2859.22
11031,2025-01-20T06:20:39,7774,1,16019.42
11030,2025-01-20T06:10:56,0,1,4610.73
11029,2025-01-20T04:46:56,5494,1,1014.56
11029,2025-01-20T04:46:56,4181,1,1291.26
11026,2025-01-19T23:20:14,7937,1,10145.63
11025,2025-01-19T17:34:09,3590,1,7470.87
11024,2025-01-19T10:11:38,10294,1,1198.11
11024,2025-01-19T10:11:38,4194,1,1014.56
11023,2025-01-19T09:08:54,0,1,3228.16
11022,2025-01-19T07:57:55,4916,1,2213.59
11022,2025-01-19T07:57:55,4983,1,2213.59
11020,2025-01-18T15:15:20,3479,1,1743.2
11019,2025-01-18T13:05:55,5508,1,3135.92
11017,2025-01-18T12:33:26,4986,1,3089.81
10970,2025-01-17T14:18:27,3479,1,1743.2
10969,2025-01-17T11:56:23,4761,1,2766.07
10968,2025-01-17T11:50:02,6354,1,14849.51
10966,2025-01-17T11:44:55,4505,1,10145.63
10961,2025-01-17T07:27:06,4181,1,1291.26
10961,2025-01-17T07:27:06,6394,1,830.1
10960,2025-01-17T03:06:27,8388,1,6796.12
10959,2025-01-16T09:45:20,3265,1,1660.19
10959,2025-01-16T09:45:20,3318,1,2121.36
10959,2025-01-16T09:45:20,7327,1,1843.74
10958,2025-01-16T07:07:00,6354,1,14849.51
10956,2025-01-14T21:47:06,10100,2,5349.51
10956,2025-01-14T21:47:06,10103,1,4602.43
10954,2025-01-14T11:56:24,6358,1,9684.47
10953,2025-01-14T03:02:19,3873,1,5048.54
10952,2025-01-13T14:24:47,0,1,1290.34
10950,2025-01-12T15:38:08,0,1,2489.37
10949,2025-01-12T15:27:58,3502,1,4368.93
10948,2025-01-12T10:55:08,8800,1,2620.39
10947,2025-01-12T07:29:04,0,1,2766.99
10947,2025-01-12T07:29:04,8795,1,2397.14
10946,2025-01-12T02:02:42,10108,1,22135.92
10931,2025-01-11T10:01:56,8114,1,1383.5
10930,2025-01-11T09:59:17,4636,1,2398.06
10930,2025-01-11T09:59:17,8114,1,1383.5
10930,2025-01-11T09:59:17,6358,1,9684.47
10926,2025-01-11T06:21:56,0,1,3300.0
10925,2025-01-11T06:14:01,0,1,4280.68
10924,2025-01-10T12:23:04,5986,1,6115.63
10919,2025-01-10T09:07:49,0,1,4237.86
10917,2025-01-09T15:15:01,3265,1,1747.57
10915,2025-01-09T09:32:19,5990,1,4893.2
10915,2025-01-09T09:32:19,8114,1,1310.68
10914,2025-01-09T06:34:14,6394,1,873.79
10913,2025-01-09T04:55:30,3607,1,1650.49
10912,2025-01-08T18:06:19,8114,1,1310.68
10911,2025-01-08T09:47:20,7767,1,2378.64
10909,2025-01-08T08:40:40,6358,1,9174.76
10908,2025-01-08T04:54:19,3243,1,1164.08
10908,2025-01-08T04:54:19,3279,1,631.07
10908,2025-01-08T04:54:19,8114,1,1456.31
10907,2025-01-08T02:44:20,4916,1,2330.1
10906,2025-01-08T02:25:10,7113,1,10048.54
10904,2025-01-07T16:05:26,0,1,6989.42
10903,2025-01-07T06:16:32,7381,1,2271.84
10902,2025-01-06T11:51:11,0,1,3058.25
10901,2025-01-06T11:36:51,10207,1,1135.05
10900,2025-01-06T10:06:06,3479,1,1834.95
10899,2025-01-06T09:19:11,5994,1,3145.63
10898,2025-01-06T07:48:28,10103,1,4360.19
10897,2025-01-06T07:42:40,3486,1,3106.8
10895,2025-01-05T13:48:40,6073,1,6990.29
10894,2025-01-05T13:06:07,3502,1,3932.04
10892,2025-01-05T04:51:22,0,1,6989.42
10892,2025-01-05T04:51:22,4637,1,2270.97
10891,2025-01-05T04:12:39,3486,1,3106.8
10889,2025-01-04T16:30:26,6399,1,10922.33
10888,2025-01-04T15:39:22,3486,1,2796.12
10887,2025-01-04T11:35:55,0,1,8349.51
10886,2025-01-04T09:41:24,4983,1,2330.1
10885,2025-01-03T16:20:19,3873,1,5048.54
10885,2025-01-03T16:20:19,4097,1,4951.46
10884,2025-01-03T14:14:25,6121,1,3058.25
10882,2025-01-02T17:23:00,5994,1,3495.15
10881,2025-01-02T16:48:49,5997,1,5241.84
10880,2025-01-02T15:18:51,0,1,2883.5
10879,2025-01-02T15:09:36,7781,1,5154.47
10879,2025-01-02T15:09:36,10103,1,4360.19
10878,2025-01-02T13:40:25,10103,1,4360.19
10877,2025-01-02T11:46:44,3920,1,2330.1
10876,2025-01-02T11:25:23,6358,1,9174.76
10875,2025-01-02T05:38:44,3873,1,4543.69
10874,2025-01-01T18:14:00,4983,1,2097.09
10873,2025-01-01T16:17:00,0,1,1116.5
10872,2025-01-01T12:13:57,6354,1,14067.96
10871,2025-01-01T12:09:14,10108,1,20970.87
10870,2025-01-01T10:31:16,6140,1,2970.87
10869,2025-01-01T10:17:21,3376,1,27174.76
10868,2025-01-01T09:11:30,5597,1,7280.58
10867,2025-01-01T08:10:02,3479,1,1834.95
10865,2025-01-01T06:10:40,5994,1,3145.63
10864,2025-01-01T02:53:16,4761,1,2620.49
10863,2024-12-31T06:36:52,8950,1,7776.7
10859,2024-12-31T03:43:41,10104,1,16407.77
10858,2024-12-30T16:54:24,0,1,3058.25
10858,2024-12-30T16:54:24,0,1,3058.25
10857,2024-12-30T14:01:24,4756,1,5338.83
10856,2024-12-30T13:48:06,0,1,1222.43
10855,2024-12-30T12:16:50,3421,1,13194.17
10854,2024-12-30T07:29:33,3419,1,10194.17
10852,2024-12-29T15:57:27,3421,1,13194.17
10851,2024-12-29T14:20:50,10191,1,1003.98
10850,2024-12-29T10:28:29,4181,1,1223.3
10849,2024-12-29T06:35:46,3486,1,2796.12
10846,2024-12-28T11:14:29,8950,1,7776.7
10845,2024-12-27T16:36:14,0,1,4853.4
10844,2024-12-27T13:36:40,7390,1,1660.19
10843,2024-12-27T13:31:27,10104,1,14766.99
10842,2024-12-27T10:54:13,3479,1,1651.46
10841,2024-12-27T08:36:42,5046,1,1796.12
10834,2024-12-26T05:33:19,4194,1,1067.96
10833,2024-12-25T15:13:27,0,1,10048.54
10831,2024-12-25T08:07:06,8952,1,4106.8
10830,2024-12-24T15:49:55,3502,1,3932.04
10829,2024-12-23T14:21:23,3504,1,3407.77
10828,2024-12-23T13:55:29,0,1,3757.28
10827,2024-12-23T11:47:32,4333,1,5241.84
10825,2024-12-22T13:54:11,0,1,2883.5
10824,2024-12-22T05:43:21,0,1,4281.55
10822,2024-12-21T10:45:27,3417,1,7776.7
10821,2024-12-21T05:29:31,5865,1,13456.31
10820,2024-12-21T05:12:59,4333,1,5241.84
10819,2024-12-20T13:02:37,5997,1,5241.84
10818,2024-12-20T09:39:24,4983,1,2097.09
10816,2024-12-20T06:48:59,3873,1,5048.54
10815,2024-12-20T05:48:50,10100,1,2533.98
10815,2024-12-20T05:48:50,10207,1,1135.05
10814,2024-12-20T03:13:45,10100,1,2533.98
10814,2024-12-20T03:13:45,3245,1,480.58
10813,2024-12-19T19:01:13,3508,1,8729.13
10810,2024-12-18T07:34:28,5994,1,2970.87
10808,2024-12-17T14:10:35,5994,1,2970.87
10805,2024-12-17T04:53:27,4194,1,961.17
10801,2024-12-15T14:25:25,3479,1,1651.46
10800,2024-12-15T13:51:13,3479,1,1651.46
10799,2024-12-15T08:44:19,10122,1,7864.08
10797,2024-12-15T07:20:57,3419,1,10194.17
10796,2024-12-15T05:20:19,3508,1,9699.03
10795,2024-12-15T04:26:31,10688,1,3009.71
10794,2024-12-15T00:17:31,3479,1,1651.46
10793,2024-12-14T16:43:31,5994,1,2970.87
10790,2024-12-14T05:27:58,7113,1,10048.54
10787,2024-12-13T10:39:39,0,1,4853.4
10785,2024-12-13T06:40:24,3502,1,4050.0
10784,2024-12-13T04:55:15,3873,1,4680.0
10780,2024-12-12T07:02:36,8114,1,1500.0
10779,2024-12-11T16:11:45,3891,1,3100.0
10777,2024-12-11T09:34:28,0,1,4999.0
10773,2024-12-10T03:03:26,10103,1,4491.0
10772,2024-12-09T15:20:06,5994,1,3060.0
10771,2024-12-08T10:47:40,10106,1,16101.0
10771,2024-12-08T10:47:40,4194,1,990.0
10771,2024-12-08T10:47:40,0,1,1259.1
10769,2024-12-08T08:44:49,0,1,2880.0
10769,2024-12-08T08:44:49,3243,1,1079.1
10765,2024-12-06T18:56:36,10194,1,1169.1
10765,2024-12-06T18:56:36,10292,1,1214.1
10764,2024-12-06T18:55:50,3177,1,4139.1
10763,2024-12-06T10:08:05,0,1,2699.1
10755,2024-12-05T07:12:35,6358,1,9975.0
10754,2024-12-05T06:17:33,0,1,4085.0
10752,2024-12-05T05:11:30,3873,1,4940.0
10751,2024-12-05T03:22:43,10103,1,4740.5
10750,2024-12-04T17:50:01,6358,1,9975.0
10747,2024-12-03T11:04:51,4333,1,5999.0
10746,2024-12-03T06:19:55,10103,1,4740.5
10744,2024-12-02T14:17:47,5994,1,3230.0
10744,2024-12-02T14:17:47,7294,1,1899.05
10743,2024-12-02T10:11:05,7767,1,2450.0
10742,2024-12-02T07:41:54,3508,1,9490.5
10741,2024-12-02T03:43:45,4756,1,5224.05
10737,2024-11-30T13:57:17,4504,1,9500.0
10736,2024-11-30T12:25:03,4194,1,1045.0
10735,2024-11-30T02:45:16,3891,1,2945.0
10734,2024-11-30T01:53:29,5986,1,5224.05
10733,2024-11-30T00:12:49,6358,1,9975.0
10732,2024-11-29T16:05:34,5485,1,3230.0
10732,2024-11-29T16:05:34,4637,2,4558.1
10727,2024-11-29T09:14:23,3421,1,15100.0
10726,2024-11-28T15:04:21,7770,1,8900.0
10725,2024-11-28T03:36:46,0,1,3350.0
10724,2024-11-28T02:46:40,3502,1,4275.0
10723,2024-11-28T01:46:17,3236,1,7220.0
10721,2024-11-27T17:29:40,5994,1,3230.0
10720,2024-11-27T13:49:38,5994,1,3230.0
10720,2024-11-27T13:49:38,3607,1,1615.0
10719,2024-11-27T10:55:24,5077,1,10450.0
10718,2024-11-27T07:09:40,6358,1,9975.0
10712,2024-11-26T18:07:33,10686,1,3100.0
10706,2024-11-25T10:55:54,4983,1,2280.0
10701,2024-11-25T05:44:55,3504,1,3705.0
10701,2024-11-25T05:44:55,0,1,1329.05
10700,2024-11-24T12:31:18,3265,1,1800.0
10697,2024-11-23T09:04:48,10116,1,12065.0
10696,2024-11-23T04:10:37,10120,1,3705.0
10695,2024-11-23T04:01:54,5990,1,5320.0
10673,2024-11-22T09:39:00,3177,1,4369.05
10672,2024-11-22T09:32:30,3479,1,1795.5
10670,2024-11-21T14:35:53,3479,1,1795.5
10668,2024-11-20T13:54:58,4333,1,5699.05
10667,2024-11-20T06:43:11,0,1,4699.0
10666,2024-11-19T20:46:22,6222,1,7125.0
10656,2024-11-18T19:49:33,7384,1,2700.0
10646,2024-11-17T13:01:58,3420,1,6175.0
10645,2024-11-17T07:33:29,4983,1,2280.0
10644,2024-11-17T05:46:14,3086,1,7505.0
10643,2024-11-17T04:23:31,8950,1,8455.0
10642,2024-11-17T03:36:08,0,1,8170.0
10641,2024-11-16T15:30:38,8952,1,4465.0
10639,2024-11-16T12:55:15,8427,1,3324.05
10633,2024-11-15T21:57:48,7113,1,12350.0
10632,2024-11-15T16:39:29,6399,1,12500.0
10631,2024-11-15T13:56:03,3502,1,4275.0
10630,2024-11-15T13:55:11,3873,1,4940.0
10582,2024-11-13T13:30:08,0,1,5889.05
10581,2024-11-13T11:14:06,0,1,4699.0
10581,2024-11-13T11:14:06,3922,1,2300.0
10580,2024-11-13T08:35:31,5994,1,3230.0
10579,2024-11-13T05:17:45,3502,1,4500.0
10578,2024-11-12T16:06:26,4504,1,9500.0
10577,2024-11-12T05:57:08,3483,1,7500.0
10576,2024-11-12T01:17:29,0,1,7220.0
10574,2024-11-11T20:16:37,3420,1,6175.0
10573,2024-11-11T16:29:39,10194,1,1234.05
10571,2024-11-11T05:42:22,10294,1,1299.0
10567,2024-11-10T12:08:13,8795,1,2469.05
10566,2024-11-10T12:04:50,10104,1,9025.0
10565,2024-11-10T03:16:31,0,1,3135.0
10564,2024-11-09T13:55:41,0,1,2517.5
10563,2024-11-09T10:49:13,4756,1,5224.05
10562,2024-11-09T09:39:52,3873,1,4940.0
10561,2024-11-09T07:23:30,0,1,2650.0
10560,2024-11-09T07:14:42,3177,1,4369.05
10557,2024-11-08T16:38:33,3479,1,1795.5
10556,2024-11-08T16:07:36,10100,1,2900.0
10555,2024-11-08T11:02:49,10103,1,4740.5
10554,2024-11-08T08:26:37,10297,1,1234.05
10554,2024-11-08T08:26:37,3502,1,4275.0
10553,2024-11-07T16:00:27,6631,1,1092.5
10553,2024-11-07T16:00:27,3243,1,1139.05
10551,2024-11-07T12:48:19,3486,1,3200.0
10548,2024-11-07T02:46:56,0,1,3300.0
10547,2024-11-07T01:33:36,0,1,2650.0
10546,2024-11-06T15:46:03,0,1,2999.0
10545,2024-11-06T13:51:42,3486,1,3200.0
10544,2024-11-06T12:42:41,3479,1,1890.0
10543,2024-11-06T11:35:47,0,1,6300.0
10542,2024-11-06T04:50:47,6358,1,9450.0
10541,2024-11-05T17:24:31,3582,1,5400.0
10540,2024-11-05T14:02:36,0,1,5990.0
10539,2024-11-05T12:38:43,3502,1,4050.0
10538,2024-11-05T05:59:13,3506,1,9900.0
10538,2024-11-05T05:59:13,5485,1,3060.0
10537,2024-11-05T05:53:11,4360,1,14850.0
10537,2024-11-05T05:53:11,6631,1,1035.0
10533,2024-11-04T19:12:46,3479,1,1701.0
10532,2024-11-04T18:42:10,4097,1,4499.1
10531,2024-11-04T12:10:56,0,1,10710.0
10527,2024-11-03T18:12:55,3486,1,3200.0
10526,2024-11-03T12:19:13,0,1,1440.0
10526,2024-11-03T12:19:13,3281,1,1305.0
10526,2024-11-03T12:19:13,3243,1,1079.1
10526,2024-11-03T12:19:13,3245,1,495.0
10525,2024-11-03T07:42:15,5994,1,3060.0
10524,2024-11-03T05:27:41,3873,1,4680.0
10523,2024-11-03T01:50:09,0,1,2970.0
10522,2024-11-02T13:47:16,10100,1,2610.0
10520,2024-11-01T18:01:14,4504,1,9000.0
10518,2024-10-31T19:03:31,5983,1,4050.0
10517,2024-10-31T16:18:53,3236,1,6840.0
10516,2024-10-31T06:31:37,8950,1,8010.0
10515,2024-10-31T03:21:04,0,1,3870.0
10513,2024-10-30T17:33:56,3483,1,4320.0
10512,2024-10-30T14:21:02,5986,1,4949.1
10511,2024-10-30T13:24:46,6358,1,9450.0
10510,2024-10-30T07:37:44,3521,1,6299.1
10510,2024-10-30T07:37:44,3595,1,1980.0
10510,2024-10-30T07:37:44,7937,1,9900.0
10509,2024-10-29T16:23:13,3502,1,4050.0
10508,2024-10-29T14:49:50,5984,1,4590.0
10497,2024-10-28T05:48:52,4983,1,2400.0
10495,2024-10-27T12:49:06,9661,1,3000.0
10494,2024-10-27T12:40:26,0,1,3870.0
10494,2024-10-27T12:40:26,6358,1,9450.0
10494,2024-10-27T12:40:26,6357,1,9720.0
10493,2024-10-27T10:30:31,10103,1,4491.0
10492,2024-10-27T10:07:19,5994,1,3060.0
10490,2024-10-27T05:22:48,4703,1,19499.0
10489,2024-10-27T04:31:54,10103,1,4491.0
10488,2024-10-27T04:26:36,10103,1,4491.0
10487,2024-10-27T04:19:06,10103,1,4491.0
10484,2024-10-26T12:48:59,6072,1,7290.0
10482,2024-10-26T01:50:10,10104,1,8550.0
10482,2024-10-26T01:50:10,6358,1,9450.0
10482,2024-10-26T01:50:10,10105,1,11700.0
10481,2024-10-25T18:02:03,0,1,3870.0
10481,2024-10-25T18:02:03,10100,1,2610.0
10480,2024-10-25T07:33:31,3479,1,1701.0
10480,2024-10-25T07:33:31,6631,1,1035.0
10480,2024-10-25T07:33:31,3891,1,2340.0
10479,2024-10-25T04:40:07,9700,1,3100.0
10478,2024-10-24T11:32:02,3788,1,18810.0
10477,2024-10-24T11:12:25,6354,1,14490.0
10476,2024-10-24T10:47:01,8800,1,2429.1
10475,2024-10-24T09:05:43,0,1,3330.0
10474,2024-10-24T07:23:57,0,1,4699.0
10473,2024-10-23T18:40:50,5600,1,6929.1
10471,2024-10-23T14:34:42,4181,1,1400.0
10471,2024-10-23T14:34:42,0,1,1999.0
10470,2024-10-23T11:54:28,3086,1,7900.0
10464,2024-10-23T01:38:53,8957,1,9900.0
10463,2024-10-22T21:31:31,3502,1,4050.0
10462,2024-10-22T17:57:03,4674,1,4680.0
10460,2024-10-22T08:18:46,6354,1,14490.0
10460,2024-10-22T08:18:46,6357,1,9720.0
10459,2024-10-22T07:35:23,8952,1,4230.0
10458,2024-10-22T04:58:05,0,1,6750.0
10457,2024-10-22T03:15:42,0,1,3500.0
10457,2024-10-22T03:15:42,0,1,4900.0
10456,2024-10-22T02:24:33,10188,1,1169.1
10454,2024-10-21T16:33:52,3506,1,11000.0
10453,2024-10-21T13:24:54,5994,1,3060.0
10452,2024-10-21T13:08:56,3177,1,4139.1
10451,2024-10-21T10:23:50,3421,1,15100.0
10450,2024-10-21T09:32:59,8417,1,12500.0
10448,2024-10-21T04:29:35,3419,1,9450.0
10446,2024-10-20T18:09:56,3873,1,4680.0
10445,2024-10-20T16:44:35,6358,1,10500.0
10444,2024-10-20T14:48:17,4333,1,4949.1
10443,2024-10-20T12:59:30,3086,1,7110.0
10442,2024-10-20T10:58:04,9175,1,13050.0
10441,2024-10-20T10:09:31,10104,1,8550.0
10439,2024-10-19T14:46:28,0,1,1079.1
10438,2024-10-19T12:14:34,3318,1,2070.0
10435,2024-10-18T13:32:38,3873,1,4680.0
10434,2024-10-18T13:24:23,9701,1,3150.0
10432,2024-10-17T16:27:39,4097,1,4499.1
10431,2024-10-17T14:21:24,3479,1,1890.0
10430,2024-10-17T12:55:18,3924,1,1800.0
10428,2024-10-17T11:16:59,3479,1,1890.0
10426,2024-10-17T09:44:02,8384,1,13100.0
10426,2024-10-17T09:44:02,8388,1,7000.0
10425,2024-10-17T04:46:48,4983,1,2400.0
10424,2024-10-16T14:55:50,4986,1,3350.0
10423,2024-10-16T12:54:48,0,1,2700.0
10423,2024-10-16T12:54:48,0,1,5850.0
10423,2024-10-16T12:54:48,4333,1,4949.1
10408,2024-10-16T05:50:25,8114,1,1350.0
10408,2024-10-16T05:50:25,3245,1,495.0
10407,2024-10-16T04:15:47,4097,1,4499.1
10403,2024-10-15T04:52:45,4916,1,2160.0
10402,2024-10-14T20:27:04,3508,1,8991.0
10402,2024-10-14T20:27:04,8114,1,1350.0
10402,2024-10-14T20:27:04,7407,1,0.0
10401,2024-10-14T12:38:58,5984,1,4590.0
10401,2024-10-14T12:38:58,3504,1,3510.0
10401,2024-10-14T12:38:58,3595,1,1980.0
10401,2024-10-14T12:38:58,6139,1,2699.1
10400,2024-10-14T06:06:48,4986,1,3015.0
10399,2024-10-14T04:36:52,3513,1,4000.0
10398,2024-10-14T04:11:23,0,1,990.0
10397,2024-10-13T20:53:15,3483,1,4320.0
10396,2024-10-13T17:52:14,0,1,4230.0
10395,2024-10-13T17:13:26,5485,1,3060.0
10394,2024-10-13T16:56:27,6631,2,2070.0
10394,2024-10-13T16:56:27,8114,2,2700.0
10393,2024-10-13T16:50:45,3504,1,3510.0
10390,2024-10-13T06:35:56,10103,1,4491.0
10389,2024-10-13T04:55:41,5994,1,3060.0
10387,2024-10-12T18:55:09,0,1,3870.0
10386,2024-10-12T11:08:09,4333,1,4949.1
10386,2024-10-12T11:08:09,5050,1,2610.0
10386,2024-10-12T11:08:09,3891,1,2340.0
10380,2024-10-12T07:36:58,6237,1,17099.1
10378,2024-10-11T13:07:14,8378,1,14220.0
10376,2024-10-11T05:19:20,10187,1,1259.1
10376,2024-10-11T05:19:20,10103,1,4491.0
10375,2024-10-10T16:25:29,4333,1,4949.1
10373,2024-10-10T13:44:21,5990,1,5600.0
10372,2024-10-10T11:33:01,3177,1,4599.0
10371,2024-10-10T04:57:48,5994,1,3060.0
10368,2024-10-09T16:28:21,0,1,3510.0
10367,2024-10-09T14:46:47,8427,1,3149.1
10367,2024-10-09T14:46:47,0,1,3150.0
10363,2024-10-08T17:54:43,0,1,3510.0
10362,2024-10-08T14:30:34,3521,1,6299.1
10360,2024-10-08T10:04:02,0,1,3150.0
10359,2024-10-08T02:22:26,8427,1,3149.1
10359,2024-10-08T02:22:26,7407,1,0.0
10358,2024-10-07T07:55:08,3924,1,1800.0
10356,2024-10-07T07:23:11,4674,1,5200.0
10354,2024-10-07T06:27:44,0,1,3510.0
10353,2024-10-07T06:04:15,4333,1,4949.1
10352,2024-10-07T04:13:48,0,1,4050.0
10351,2024-10-07T00:09:09,8795,1,2339.1
10350,2024-10-06T14:28:56,3268,1,630.0
10349,2024-10-06T01:43:34,3486,1,2880.0
10347,2024-10-05T18:49:43,0,1,3870.0
10347,2024-10-05T18:49:43,0,1,2970.0
10346,2024-10-05T12:04:58,5478,1,1305.0
10342,2024-10-05T02:12:09,3502,1,4050.0
10340,2024-10-04T10:28:48,10205,1,1169.1
10340,2024-10-04T10:28:48,0,1,1259.1
10340,2024-10-04T10:28:48,10190,1,1079.1
10338,2024-10-03T08:36:27,10196,1,1214.1
10337,2024-10-02T13:57:08,10100,1,2610.0
10333,2024-10-02T03:44:34,9701,1,3150.0
10331,2024-10-01T13:14:40,0,1,3015.0
10331,2024-10-01T13:14:40,10101,1,4500.0
10330,2024-10-01T12:57:13,0,1,3960.0
10326,2024-10-01T11:54:42,3502,1,4050.0
10319,2024-10-01T06:48:49,3479,1,1890.0
10316,2024-09-29T13:27:35,9701,1,3150.0
10316,2024-09-29T13:27:35,10213,1,1169.1
10315,2024-09-28T16:55:23,4916,1,2160.0
10314,2024-09-28T12:38:46,8950,1,8010.0
10313,2024-09-28T10:21:51,6394,2,1620.0
10311,2024-09-28T05:16:28,6139,1,2699.1
10311,2024-09-28T05:16:28,3891,1,2340.0
10310,2024-09-28T02:33:58,7767,1,2205.0
10310,2024-09-28T02:33:58,4916,1,2160.0
10309,2024-09-27T18:24:03,10104,1,8550.0
10307,2024-09-27T04:38:00,4986,1,3015.0
10306,2024-09-26T14:05:21,7937,1,9900.0
10305,2024-09-26T08:02:40,4703,1,17549.1
10304,2024-09-26T03:32:58,0,1,2430.0
10285,2024-09-24T08:36:40,10104,1,9500.0
10277,2024-09-24T06:28:11,5082,1,11340.0
10275,2024-09-24T04:34:58,0,1,3510.0
10274,2024-09-23T14:02:38,3479,1,1890.0
10274,2024-09-23T14:02:38,3245,1,550.0
10273,2024-09-23T10:30:07,10098,1,4679.1
10271,2024-09-22T11:15:25,6358,1,9450.0
10270,2024-09-22T07:25:43,5967,1,5850.0
10269,2024-09-22T01:37:51,6361,1,4590.0
10268,2024-09-21T15:45:03,3177,1,4139.1
10267,2024-09-21T14:28:27,0,1,3149.1
10265,2024-09-21T12:23:55,5994,1,3060.0
10264,2024-09-21T04:44:57,6394,1,900.0
10263,2024-09-20T19:29:45,3177,1,4139.1
10262,2024-09-20T16:45:53,3243,1,1079.1
10262,2024-09-20T16:45:53,6394,1,810.0
10261,2024-09-20T11:41:38,8952,1,4700.0
10258,2024-09-19T17:31:47,3234,1,7900.0
10258,2024-09-19T17:31:47,0,1,8990.0
10258,2024-09-19T17:31:47,0,1,4900.0
10246,2024-09-16T08:21:22,10192,1,1124.1
10246,2024-09-16T08:21:22,10194,1,1169.1
10246,2024-09-16T08:21:22,7390,1,1710.0
10246,2024-09-16T08:21:22,3486,3,8640.0
10246,2024-09-16T08:21:22,3245,2,990.0
10246,2024-09-16T08:21:22,0,1,1260.0
10241,2024-09-16T04:51:15,3924,2,3240.0
10240,2024-09-16T03:54:09,3486,1,3200.0
10238,2024-09-15T12:54:15,5508,1,3060.0
10237,2024-09-15T09:52:57,5997,1,5999.0
10236,2024-09-15T06:55:31,4333,1,4949.1
10236,2024-09-15T06:55:31,3922,1,1620.0
10235,2024-09-15T02:36:42,3479,1,1890.0
10234,2024-09-14T21:23:22,3873,1,5200.0
10231,2024-09-13T19:37:00,6141,1,3060.0
10231,2024-09-13T19:37:00,5508,1,3060.0
10230,2024-09-13T13:59:50,6394,1,810.0
10229,2024-09-13T05:36:50,0,1,3510.0
10228,2024-09-12T17:51:30,3479,1,1701.0
10226,2024-09-12T13:24:43,10100,1,2610.0
10226,2024-09-12T13:24:43,0,1,1529.1
10225,2024-09-12T03:42:08,9715,1,7999.0
10224,2024-09-11T17:00:44,5990,1,5040.0
10221,2024-09-11T07:37:44,0,1,1399.0
10220,2024-09-11T07:06:46,3420,1,5850.0
10219,2024-09-11T07:05:54,5984,1,4590.0
10216,2024-09-11T05:18:37,10103,1,4491.0
10215,2024-09-10T14:53:53,10120,1,3510.0
10212,2024-09-10T13:48:55,10101,1,5000.0
10209,2024-09-10T11:09:08,3177,1,4599.0
10200,2024-09-09T18:29:41,0,1,3779.1
10199,2024-09-09T16:43:25,5994,1,3060.0
10198,2024-09-09T16:16:55,3572,1,3599.1
10198,2024-09-09T16:16:55,3243,1,1079.1
10153,2024-09-09T13:11:38,7113,1,11700.0
10152,2024-09-09T08:08:54,0,1,1035.0
10151,2024-09-08T16:11:19,3873,1,4680.0
10149,2024-09-08T07:13:48,5051,1,2500.0
10148,2024-09-06T02:11:48,6074,1,6300.0
10146,2024-09-04T14:59:20,0,1,3015.0
10137,2024-09-02T08:53:04,4986,1,3182.5
10136,2024-09-02T07:30:12,5986,1,4749.05
10135,2024-09-02T06:45:34,3318,1,2185.0
10134,2024-09-02T06:18:19,0,1,5699.05
10134,2024-09-02T06:18:19,3607,1,1615.0
10132,2024-09-01T06:49:33,0,1,7125.0
10130,2024-08-31T16:36:08,8800,1,2564.05
10129,2024-08-31T16:04:05,6358,1,9975.0
10127,2024-08-31T13:30:59,0,1,1329.05
10127,2024-08-31T13:30:59,3479,1,1795.5
10126,2024-08-31T05:42:06,7391,1,1900.0
10125,2024-08-31T05:20:07,7384,1,2565.0
10124,2024-08-30T05:07:57,4194,1,1045.0
10124,2024-08-30T05:07:57,8114,1,1425.0
10123,2024-08-30T04:06:14,4986,1,3182.5
10114,2024-08-29T04:06:45,3479,1,1795.5
10113,2024-08-28T13:57:13,6141,1,3230.0
10112,2024-08-28T06:52:35,0,1,4370.0
10093,2024-08-26T18:12:38,0,1,2469.05
10085,2024-08-26T05:27:09,4333,1,4949.1
10083,2024-08-25T17:49:06,0,1,6499.0
10081,2024-08-25T13:39:24,3318,1,2070.0
10081,2024-08-25T13:39:24,0,1,1529.1
10081,2024-08-25T13:39:24,7305,1,1079.1
10080,2024-08-25T13:24:56,0,1,3510.0
10079,2024-08-25T07:12:52,4916,1,2160.0
10078,2024-08-25T05:49:29,0,1,1259.1
10077,2024-08-25T03:17:00,3265,1,1620.0
10030,2024-08-23T06:33:33,0,1,3510.0
